LTER_site,local_site,year,collection_date,grid_pt,subsample,veg_class,NPP,estimated_cushion_NPP,notes
NWT,sdl,1992,NaN,2,none,MM,292,NaN,NaN
NWT,sdl,1992,NaN,3,none,MM,258,NaN,NaN
NWT,sdl,1992,NaN,4,none,MM,149,NaN,NaN
NWT,sdl,1992,NaN,5,none,SB,166,NaN,NaN
NWT,sdl,1992,NaN,6,none,SB,161,NaN,NaN
NWT,sdl,1992,NaN,7,none,WM,160,NaN,NaN
NWT,sdl,1992,NaN,8,none,MM,175,NaN,NaN
NWT,sdl,1992,NaN,11,none,SB,73,NaN,NaN
NWT,sdl,1992,NaN,12,none,SB,186,NaN,NaN
NWT,sdl,1992,NaN,14,none,SB,193,NaN,NaN
NWT,sdl,1992,NaN,15,none,SB,84,NaN,NaN
NWT,sdl,1992,NaN,16,none,SB,293,NaN,NaN
NWT,sdl,1992,NaN,17,none,MM,155,NaN,NaN
NWT,sdl,1992,NaN,21,none,SB,155,NaN,NaN
NWT,sdl,1992,NaN,22,none,MM,210,NaN,NaN
NWT,sdl,1992,NaN,23,none,SB,60,NaN,NaN
NWT,sdl,1992,NaN,24,none,SB,195,NaN,NaN
NWT,sdl,1992,NaN,25,none,MM,174,NaN,NaN
NWT,sdl,1992,NaN,26,none,MM,217,NaN,NaN
NWT,sdl,1992,NaN,27,none,MM,334,NaN,NaN
NWT,sdl,1992,NaN,28,none,SF,152,NaN,NaN
NWT,sdl,1992,NaN,31,none,SB,173,NaN,NaN
NWT,sdl,1992,NaN,32,none,SB,118,NaN,NaN
NWT,sdl,1992,NaN,33,none,SB,142,NaN,NaN
NWT,sdl,1992,NaN,34,none,SB,94,NaN,NaN
NWT,sdl,1992,NaN,35,none,SB,70,NaN,NaN
NWT,sdl,1992,NaN,36,none,MM,226,NaN,NaN
NWT,sdl,1992,NaN,38,none,SF,231,NaN,NaN
NWT,sdl,1992,NaN,43,none,MM,91,NaN,NaN
NWT,sdl,1992,NaN,45,none,SB,66,NaN,NaN
NWT,sdl,1992,NaN,46,none,MM,222,NaN,NaN
NWT,sdl,1992,NaN,47,none,WM,209,NaN,NaN
NWT,sdl,1992,NaN,49,none,MM,137,NaN,NaN
NWT,sdl,1992,NaN,52,none,MM,330,NaN,NaN
NWT,sdl,1992,NaN,53,none,MM,66,NaN,NaN
NWT,sdl,1992,NaN,54,none,SB,130,NaN,NaN
NWT,sdl,1992,NaN,55,none,SB,140,NaN,NaN
NWT,sdl,1992,NaN,56,none,SB,42,NaN,NaN
NWT,sdl,1992,NaN,57,none,WM,207,NaN,NaN
NWT,sdl,1992,NaN,60,none,MM,136,NaN,NaN
NWT,sdl,1992,NaN,61,none,MM,391,NaN,NaN
NWT,sdl,1992,NaN,62,none,SB,173,NaN,NaN
NWT,sdl,1992,NaN,64,none,MM,230,NaN,NaN
NWT,sdl,1992,NaN,65,none,SB,53,NaN,NaN
NWT,sdl,1992,NaN,66,none,SB,25,NaN,NaN
NWT,sdl,1992,NaN,67,none,MM,395,NaN,NaN
NWT,sdl,1992,NaN,68,none,WM,70,NaN,NaN
NWT,sdl,1992,NaN,72,none,MM,168,NaN,NaN
NWT,sdl,1992,NaN,73,none,MM,231,NaN,NaN
NWT,sdl,1992,NaN,74,none,MM,124,NaN,NaN
NWT,sdl,1992,NaN,75,none,MM,57,NaN,NaN
NWT,sdl,1992,NaN,76,none,SB,37,NaN,NaN
NWT,sdl,1992,NaN,77,none,WM,101,NaN,NaN
NWT,sdl,1992,NaN,79,none,MM,92,NaN,NaN
NWT,sdl,1992,NaN,80,none,MM,135,NaN,NaN
NWT,sdl,1993,NaN,2,none,MM,136,NaN,NaN
NWT,sdl,1993,NaN,3,none,MM,157,NaN,NaN
NWT,sdl,1993,NaN,4,none,MM,1,NaN,NaN
NWT,sdl,1993,NaN,5,none,SB,194,NaN,NaN
NWT,sdl,1993,NaN,6,none,SB,202,NaN,NaN
NWT,sdl,1993,NaN,7,none,WM,232,NaN,NaN
NWT,sdl,1993,NaN,8,none,MM,162,NaN,NaN
NWT,sdl,1993,NaN,11,none,SB,9,NaN,NaN
NWT,sdl,1993,NaN,12,none,SB,126,NaN,NaN
NWT,sdl,1993,NaN,14,none,SB,217,NaN,NaN
NWT,sdl,1993,NaN,15,none,SB,82,NaN,NaN
NWT,sdl,1993,NaN,16,none,SB,335,NaN,NaN
NWT,sdl,1993,NaN,21,none,SB,4,NaN,NaN
NWT,sdl,1993,NaN,22,none,MM,123,NaN,NaN
NWT,sdl,1993,NaN,23,none,SB,73,NaN,NaN
NWT,sdl,1993,NaN,24,none,SB,116,NaN,NaN
NWT,sdl,1993,NaN,25,none,MM,176,NaN,NaN
NWT,sdl,1993,NaN,26,none,MM,317,NaN,NaN
NWT,sdl,1993,NaN,27,none,MM,222,NaN,NaN
NWT,sdl,1993,NaN,31,none,SB,50,NaN,NaN
NWT,sdl,1993,NaN,32,none,SB,20,NaN,NaN
NWT,sdl,1993,NaN,34,none,SB,5,NaN,NaN
NWT,sdl,1993,NaN,35,none,SB,57,NaN,NaN
NWT,sdl,1993,NaN,36,none,MM,277,NaN,NaN
NWT,sdl,1993,NaN,44,none,MM,37,NaN,NaN
NWT,sdl,1993,NaN,45,none,SB,3,NaN,NaN
NWT,sdl,1993,NaN,46,none,MM,210,NaN,NaN
NWT,sdl,1993,NaN,47,none,WM,181,NaN,NaN
NWT,sdl,1993,NaN,49,none,MM,143,NaN,NaN
NWT,sdl,1993,NaN,52,none,MM,77,NaN,NaN
NWT,sdl,1993,NaN,53,none,MM,0,NaN,NaN
NWT,sdl,1993,NaN,57,none,WM,152,NaN,NaN
NWT,sdl,1993,NaN,60,none,MM,143,NaN,NaN
NWT,sdl,1993,NaN,61,none,MM,398,NaN,NaN
NWT,sdl,1993,NaN,62,none,SB,91,NaN,NaN
NWT,sdl,1993,NaN,64,none,MM,150,NaN,NaN
NWT,sdl,1993,NaN,67,none,MM,368,NaN,NaN
NWT,sdl,1993,NaN,68,none,WM,174,NaN,NaN
NWT,sdl,1993,NaN,72,none,MM,229,NaN,NaN
NWT,sdl,1993,NaN,73,none,MM,198,NaN,NaN
NWT,sdl,1993,NaN,77,none,WM,72,NaN,NaN
NWT,sdl,1993,NaN,79,none,MM,169,NaN,NaN
NWT,sdl,1993,NaN,80,none,MM,249,NaN,NaN
NWT,sdl,1994,NaN,2,none,MM,206,NaN,NaN
NWT,sdl,1994,NaN,3,none,MM,213,NaN,NaN
NWT,sdl,1994,NaN,4,none,MM,120,NaN,NaN
NWT,sdl,1994,NaN,5,none,SB,109,NaN,NaN
NWT,sdl,1994,NaN,6,none,SB,176,NaN,NaN
NWT,sdl,1994,NaN,7,none,WM,272,NaN,NaN
NWT,sdl,1994,NaN,8,none,MM,190,NaN,NaN
NWT,sdl,1994,NaN,11,none,SB,78,NaN,NaN
NWT,sdl,1994,NaN,12,none,SB,271,NaN,NaN
NWT,sdl,1994,NaN,14,none,SB,125,NaN,NaN
NWT,sdl,1994,NaN,15,none,SB,79,NaN,NaN
NWT,sdl,1994,NaN,16,none,SB,220,NaN,NaN
NWT,sdl,1994,NaN,17,none,MM,284,NaN,NaN
NWT,sdl,1994,NaN,21,none,SB,139,NaN,NaN
NWT,sdl,1994,NaN,22,none,MM,160,NaN,NaN
NWT,sdl,1994,NaN,23,none,SB,48,NaN,NaN
NWT,sdl,1994,NaN,24,none,SB,137,NaN,NaN
NWT,sdl,1994,NaN,25,none,MM,157,NaN,NaN
NWT,sdl,1994,NaN,26,none,MM,318,NaN,NaN
NWT,sdl,1994,NaN,27,none,MM,129,NaN,NaN
NWT,sdl,1994,NaN,28,none,SF,175,NaN,NaN
NWT,sdl,1994,NaN,31,none,SB,205,NaN,NaN
NWT,sdl,1994,NaN,32,none,SB,156,NaN,NaN
NWT,sdl,1994,NaN,33,none,SB,128,NaN,NaN
NWT,sdl,1994,NaN,34,none,SB,76,NaN,NaN
NWT,sdl,1994,NaN,35,none,SB,120,NaN,NaN
NWT,sdl,1994,NaN,36,none,MM,266,NaN,NaN
NWT,sdl,1994,NaN,38,none,SF,245,NaN,NaN
NWT,sdl,1994,NaN,43,none,MM,119,NaN,NaN
NWT,sdl,1994,NaN,44,none,MM,158,NaN,NaN
NWT,sdl,1994,NaN,45,none,SB,59,NaN,NaN
NWT,sdl,1994,NaN,46,none,MM,145,NaN,NaN
NWT,sdl,1994,NaN,47,none,WM,208,NaN,NaN
NWT,sdl,1994,NaN,49,none,MM,195,NaN,NaN
NWT,sdl,1994,NaN,52,none,MM,223,NaN,NaN
NWT,sdl,1994,NaN,53,none,MM,111,NaN,NaN
NWT,sdl,1994,NaN,54,none,SB,77,NaN,NaN
NWT,sdl,1994,NaN,55,none,SB,78,NaN,NaN
NWT,sdl,1994,NaN,56,none,SB,97,NaN,NaN
NWT,sdl,1994,NaN,57,none,WM,224,NaN,NaN
NWT,sdl,1994,NaN,60,none,MM,107,NaN,NaN
NWT,sdl,1994,NaN,61,none,MM,299,NaN,NaN
NWT,sdl,1994,NaN,62,none,SB,77,NaN,NaN
NWT,sdl,1994,NaN,64,none,MM,220,NaN,NaN
NWT,sdl,1994,NaN,65,none,SB,53,NaN,NaN
NWT,sdl,1994,NaN,66,none,SB,26,NaN,NaN
NWT,sdl,1994,NaN,67,none,MM,469,NaN,NaN
NWT,sdl,1994,NaN,68,none,WM,158,NaN,NaN
NWT,sdl,1994,NaN,72,none,MM,239,NaN,NaN
NWT,sdl,1994,NaN,73,none,MM,228,NaN,NaN
NWT,sdl,1994,NaN,74,none,MM,61,NaN,NaN
NWT,sdl,1994,NaN,75,none,MM,83,NaN,NaN
NWT,sdl,1994,NaN,76,none,SB,212,NaN,NaN
NWT,sdl,1994,NaN,77,none,WM,183,NaN,NaN
NWT,sdl,1994,NaN,79,none,MM,104,NaN,NaN
NWT,sdl,1994,NaN,80,none,MM,142,NaN,NaN
NWT,sdl,1995,NaN,2,none,MM,133,NaN,NaN
NWT,sdl,1995,NaN,3,none,MM,340,NaN,NaN
NWT,sdl,1995,NaN,4,none,MM,81,NaN,NaN
NWT,sdl,1995,NaN,5,none,SB,116,NaN,NaN
NWT,sdl,1995,NaN,6,none,SB,69,NaN,NaN
NWT,sdl,1995,NaN,7,none,WM,233,NaN,NaN
NWT,sdl,1995,NaN,8,none,MM,213,NaN,NaN
NWT,sdl,1995,NaN,11,none,SB,20,NaN,NaN
NWT,sdl,1995,NaN,12,none,SB,71,NaN,NaN
NWT,sdl,1995,NaN,14,none,SB,238,NaN,NaN
NWT,sdl,1995,NaN,15,none,SB,90,NaN,NaN
NWT,sdl,1995,NaN,16,none,SB,223,NaN,NaN
NWT,sdl,1995,NaN,17,none,MM,280,NaN,NaN
NWT,sdl,1995,NaN,21,none,SB,23,NaN,NaN
NWT,sdl,1995,NaN,22,none,MM,119,NaN,NaN
NWT,sdl,1995,NaN,23,none,SB,57,NaN,NaN
NWT,sdl,1995,NaN,24,none,SB,128,NaN,NaN
NWT,sdl,1995,NaN,25,none,MM,145,NaN,NaN
NWT,sdl,1995,NaN,26,none,MM,262,NaN,NaN
NWT,sdl,1995,NaN,27,none,MM,215,NaN,NaN
NWT,sdl,1995,NaN,28,none,SF,127,NaN,NaN
NWT,sdl,1995,NaN,32,none,SB,63,NaN,NaN
NWT,sdl,1995,NaN,33,none,SB,42,NaN,NaN
NWT,sdl,1995,NaN,34,none,SB,40,NaN,NaN
NWT,sdl,1995,NaN,35,none,SB,58,NaN,NaN
NWT,sdl,1995,NaN,36,none,MM,250,NaN,NaN
NWT,sdl,1995,NaN,38,none,SF,72,NaN,NaN
NWT,sdl,1995,NaN,43,none,MM,45,NaN,NaN
NWT,sdl,1995,NaN,44,none,MM,88,NaN,NaN
NWT,sdl,1995,NaN,45,none,SB,81,NaN,NaN
NWT,sdl,1995,NaN,46,none,MM,100,NaN,NaN
NWT,sdl,1995,NaN,47,none,WM,174,NaN,NaN
NWT,sdl,1995,NaN,49,none,MM,142,NaN,NaN
NWT,sdl,1995,NaN,52,none,MM,111,NaN,NaN
NWT,sdl,1995,NaN,53,none,MM,27,NaN,NaN
NWT,sdl,1995,NaN,57,none,WM,295,NaN,NaN
NWT,sdl,1995,NaN,60,none,MM,160,NaN,NaN
NWT,sdl,1995,NaN,61,none,MM,181,NaN,NaN
NWT,sdl,1995,NaN,62,none,SB,70,NaN,NaN
NWT,sdl,1995,NaN,64,none,MM,161,NaN,NaN
NWT,sdl,1995,NaN,67,none,MM,472,NaN,NaN
NWT,sdl,1995,NaN,68,none,WM,104,NaN,NaN
NWT,sdl,1995,NaN,72,none,MM,143,NaN,NaN
NWT,sdl,1995,NaN,73,none,MM,60,NaN,NaN
NWT,sdl,1995,NaN,76,none,SB,43,NaN,NaN
NWT,sdl,1995,NaN,77,none,WM,249,NaN,NaN
NWT,sdl,1995,NaN,79,none,MM,102,NaN,NaN
NWT,sdl,1995,NaN,80,none,MM,148,NaN,NaN
NWT,sdl,1997,NaN,2,none,MM,139,NaN,NaN
NWT,sdl,1997,NaN,3,none,MM,256,NaN,NaN
NWT,sdl,1997,NaN,6,none,SB,174,NaN,NaN
NWT,sdl,1997,NaN,7,none,WM,315,NaN,NaN
NWT,sdl,1997,NaN,8,none,MM,179,NaN,NaN
NWT,sdl,1997,NaN,11,none,SB,199,NaN,NaN
NWT,sdl,1997,NaN,12,none,SB,95,NaN,NaN
NWT,sdl,1997,NaN,14,none,SB,252,NaN,NaN
NWT,sdl,1997,NaN,15,none,SB,298,NaN,NaN
NWT,sdl,1997,NaN,16,none,SB,251,NaN,NaN
NWT,sdl,1997,NaN,17,none,MM,207,NaN,NaN
NWT,sdl,1997,NaN,21,none,SB,79,NaN,NaN
NWT,sdl,1997,NaN,22,none,MM,288,NaN,NaN
NWT,sdl,1997,NaN,23,none,SB,181,NaN,NaN
NWT,sdl,1997,NaN,24,none,SB,162,NaN,NaN
NWT,sdl,1997,NaN,25,none,MM,179,NaN,NaN
NWT,sdl,1997,NaN,26,none,MM,250,NaN,NaN
NWT,sdl,1997,NaN,27,none,MM,149,NaN,NaN
NWT,sdl,1997,NaN,28,none,SF,134,NaN,NaN
NWT,sdl,1997,NaN,31,none,SB,174,NaN,NaN
NWT,sdl,1997,NaN,32,none,SB,143,NaN,NaN
NWT,sdl,1997,NaN,33,none,SB,111,NaN,NaN
NWT,sdl,1997,NaN,35,none,SB,231,NaN,NaN
NWT,sdl,1997,NaN,36,none,MM,177,NaN,NaN
NWT,sdl,1997,NaN,43,none,MM,115,NaN,NaN
NWT,sdl,1997,NaN,44,none,MM,85,NaN,NaN
NWT,sdl,1997,NaN,45,none,SB,178,NaN,NaN
NWT,sdl,1997,NaN,46,none,MM,295,NaN,NaN
NWT,sdl,1997,NaN,47,none,WM,106,NaN,NaN
NWT,sdl,1997,NaN,52,none,MM,439,NaN,NaN
NWT,sdl,1997,NaN,53,none,MM,164,NaN,NaN
NWT,sdl,1997,NaN,55,none,SB,63,NaN,NaN
NWT,sdl,1997,NaN,60,none,MM,116,NaN,NaN
NWT,sdl,1997,NaN,61,none,MM,193,NaN,NaN
NWT,sdl,1997,NaN,62,none,SB,165,NaN,NaN
NWT,sdl,1997,NaN,64,none,MM,82,NaN,NaN
NWT,sdl,1997,NaN,65,none,SB,55,NaN,NaN
NWT,sdl,1997,NaN,72,none,MM,117,NaN,NaN
NWT,sdl,1997,NaN,73,none,MM,217,NaN,NaN
NWT,sdl,1997,NaN,75,none,MM,23,NaN,NaN
NWT,sdl,1997,NaN,76,none,SB,261,NaN,NaN
NWT,sdl,2008,NaN,2,A,MM,174,NaN,NaN
NWT,sdl,2008,NaN,2,B,MM,189,NaN,NaN
NWT,sdl,2008,NaN,3,A,MM,509,NaN,NaN
NWT,sdl,2008,NaN,3,B,MM,465,NaN,NaN
NWT,sdl,2008,NaN,4,A,MM,296,NaN,NaN
NWT,sdl,2008,NaN,4,B,MM,157,NaN,NaN
NWT,sdl,2008,NaN,5,A,SB,137,NaN,NaN
NWT,sdl,2008,NaN,5,B,SB,88,NaN,NaN
NWT,sdl,2008,NaN,6,A,SB,114,NaN,NaN
NWT,sdl,2008,NaN,6,B,SB,91,NaN,NaN
NWT,sdl,2008,NaN,7,A,WM,272,NaN,NaN
NWT,sdl,2008,NaN,7,B,WM,257,NaN,NaN
NWT,sdl,2008,NaN,8,A,MM,148,NaN,NaN
NWT,sdl,2008,NaN,8,B,MM,172,NaN,NaN
NWT,sdl,2008,NaN,9,A,DM,111,NaN,NaN
NWT,sdl,2008,NaN,9,B,DM,200,NaN,NaN
NWT,sdl,2008,NaN,10,A,FF,102,NaN,NaN
NWT,sdl,2008,NaN,10,B,FF,117,NaN,NaN
NWT,sdl,2008,NaN,11,A,SB,30,NaN,NaN
NWT,sdl,2008,NaN,11,B,SB,45,NaN,NaN
NWT,sdl,2008,NaN,12,A,SB,132,NaN,NaN
NWT,sdl,2008,NaN,12,B,SB,70,NaN,NaN
NWT,sdl,2008,NaN,14,A,SB,54,NaN,NaN
NWT,sdl,2008,NaN,14,B,SB,75,NaN,NaN
NWT,sdl,2008,NaN,15,A,SB,137,NaN,NaN
NWT,sdl,2008,NaN,15,B,SB,111,NaN,NaN
NWT,sdl,2008,NaN,16,A,SB,133,NaN,NaN
NWT,sdl,2008,NaN,16,B,SB,199,NaN,NaN
NWT,sdl,2008,NaN,17,A,MM,241,NaN,NaN
NWT,sdl,2008,NaN,17,B,MM,201,NaN,NaN
NWT,sdl,2008,NaN,18,A,DM,125,NaN,NaN
NWT,sdl,2008,NaN,18,B,DM,166,NaN,NaN
NWT,sdl,2008,NaN,19,A,FF,94,NaN,NaN
NWT,sdl,2008,NaN,19,B,FF,115,NaN,NaN
NWT,sdl,2008,NaN,20,A,FF,58,NaN,NaN
NWT,sdl,2008,NaN,20,B,FF,28,NaN,NaN
NWT,sdl,2008,NaN,21,A,SB,59,NaN,NaN
NWT,sdl,2008,NaN,21,B,SB,39,NaN,NaN
NWT,sdl,2008,NaN,22,A,MM,256,NaN,NaN
NWT,sdl,2008,NaN,22,B,MM,196,NaN,NaN
NWT,sdl,2008,NaN,23,A,SB,83,NaN,NaN
NWT,sdl,2008,NaN,23,B,SB,59,NaN,NaN
NWT,sdl,2008,NaN,24,A,SB,122,NaN,NaN
NWT,sdl,2008,NaN,24,B,SB,145,NaN,NaN
NWT,sdl,2008,NaN,25,A,MM,304,NaN,NaN
NWT,sdl,2008,NaN,25,B,MM,200,NaN,NaN
NWT,sdl,2008,NaN,26,A,MM,211,NaN,NaN
NWT,sdl,2008,NaN,26,B,MM,393,NaN,NaN
NWT,sdl,2008,NaN,27,A,MM,259,NaN,NaN
NWT,sdl,2008,NaN,27,B,MM,160,NaN,NaN
NWT,sdl,2008,NaN,28,A,SF,208,NaN,NaN
NWT,sdl,2008,NaN,28,B,SF,64,NaN,NaN
NWT,sdl,2008,NaN,29,A,FF,194,NaN,NaN
NWT,sdl,2008,NaN,29,B,FF,185,NaN,NaN
NWT,sdl,2008,NaN,30,A,DM,186,NaN,NaN
NWT,sdl,2008,NaN,30,B,DM,146,NaN,NaN
NWT,sdl,2008,NaN,31,A,SB,193,NaN,NaN
NWT,sdl,2008,NaN,31,B,SB,228,NaN,NaN
NWT,sdl,2008,NaN,32,A,SB,469,NaN,NaN
NWT,sdl,2008,NaN,32,B,SB,157,NaN,NaN
NWT,sdl,2008,NaN,33,A,SB,221,NaN,NaN
NWT,sdl,2008,NaN,33,B,SB,130,NaN,NaN
NWT,sdl,2008,NaN,34,A,SB,41,NaN,NaN
NWT,sdl,2008,NaN,34,B,SB,63,NaN,NaN
NWT,sdl,2008,NaN,35,A,SB,118,NaN,NaN
NWT,sdl,2008,NaN,35,B,SB,85,NaN,NaN
NWT,sdl,2008,NaN,36,A,MM,143,NaN,NaN
NWT,sdl,2008,NaN,36,B,MM,127,NaN,NaN
NWT,sdl,2008,NaN,37,A,ST,658,NaN,NaN
NWT,sdl,2008,NaN,37,B,ST,870,NaN,NaN
NWT,sdl,2008,NaN,38,A,SF,314,NaN,NaN
NWT,sdl,2008,NaN,38,B,SF,435,NaN,NaN
NWT,sdl,2008,NaN,39,A,DM,114,NaN,NaN
NWT,sdl,2008,NaN,39,B,DM,128,NaN,NaN
NWT,sdl,2008,NaN,40,A,DM,323,NaN,NaN
NWT,sdl,2008,NaN,40,B,DM,238,NaN,NaN
NWT,sdl,2008,NaN,43,A,MM,109,NaN,NaN
NWT,sdl,2008,NaN,43,B,MM,62,NaN,NaN
NWT,sdl,2008,NaN,44,A,MM,185,NaN,NaN
NWT,sdl,2008,NaN,44,B,MM,114,NaN,NaN
NWT,sdl,2008,NaN,45,A,SB,24,NaN,NaN
NWT,sdl,2008,NaN,45,B,SB,31,NaN,NaN
NWT,sdl,2008,NaN,46,A,MM,267,NaN,NaN
NWT,sdl,2008,NaN,46,B,MM,152,NaN,NaN
NWT,sdl,2008,NaN,47,A,WM,72,NaN,NaN
NWT,sdl,2008,NaN,47,B,WM,117,NaN,NaN
NWT,sdl,2008,NaN,48,A,DM,111,NaN,NaN
NWT,sdl,2008,NaN,48,B,DM,168,NaN,NaN
NWT,sdl,2008,NaN,49,A,MM,111,NaN,NaN
NWT,sdl,2008,NaN,49,B,MM,120,NaN,NaN
NWT,sdl,2008,NaN,50,A,DM,147,NaN,NaN
NWT,sdl,2008,NaN,50,B,DM,116,NaN,NaN
NWT,sdl,2008,NaN,51,A,FF,97,NaN,NaN
NWT,sdl,2008,NaN,51,B,FF,65,NaN,NaN
NWT,sdl,2008,NaN,52,A,MM,466,NaN,NaN
NWT,sdl,2008,NaN,52,B,MM,294,NaN,NaN
NWT,sdl,2008,NaN,53,A,MM,176,NaN,NaN
NWT,sdl,2008,NaN,53,B,MM,232,NaN,NaN
NWT,sdl,2008,NaN,54,A,SB,104,NaN,NaN
NWT,sdl,2008,NaN,54,B,SB,80,NaN,NaN
NWT,sdl,2008,NaN,55,A,SB,53,NaN,NaN
NWT,sdl,2008,NaN,55,B,SB,100,NaN,NaN
NWT,sdl,2008,NaN,56,A,SB,36,NaN,NaN
NWT,sdl,2008,NaN,56,B,SB,44,NaN,NaN
NWT,sdl,2008,NaN,57,A,WM,182,NaN,NaN
NWT,sdl,2008,NaN,57,B,WM,232,NaN,NaN
NWT,sdl,2008,NaN,58,A,FF,81,NaN,NaN
NWT,sdl,2008,NaN,58,B,FF,94,NaN,NaN
NWT,sdl,2008,NaN,59,A,DM,136,NaN,NaN
NWT,sdl,2008,NaN,59,B,DM,114,NaN,NaN
NWT,sdl,2008,NaN,60,A,MM,215,NaN,NaN
NWT,sdl,2008,NaN,60,B,MM,152,NaN,NaN
NWT,sdl,2008,NaN,61,A,MM,234,NaN,NaN
NWT,sdl,2008,NaN,61,B,MM,373,NaN,NaN
NWT,sdl,2008,NaN,62,A,SB,189,NaN,NaN
NWT,sdl,2008,NaN,62,B,SB,157,NaN,NaN
NWT,sdl,2008,NaN,64,A,MM,196,NaN,NaN
NWT,sdl,2008,NaN,64,B,MM,133,NaN,NaN
NWT,sdl,2008,NaN,65,A,SB,41,NaN,NaN
NWT,sdl,2008,NaN,65,B,SB,12,NaN,NaN
NWT,sdl,2008,NaN,66,A,SB,161,NaN,NaN
NWT,sdl,2008,NaN,66,B,SB,37,NaN,NaN
NWT,sdl,2008,NaN,67,A,MM,388,NaN,NaN
NWT,sdl,2008,NaN,67,B,MM,346,NaN,NaN
NWT,sdl,2008,NaN,68,A,WM,154,NaN,NaN
NWT,sdl,2008,NaN,68,B,WM,102,NaN,NaN
NWT,sdl,2008,NaN,69,A,DM,90,NaN,NaN
NWT,sdl,2008,NaN,69,B,DM,91,NaN,NaN
NWT,sdl,2008,NaN,70,A,DM,101,NaN,NaN
NWT,sdl,2008,NaN,70,B,DM,106,NaN,NaN
NWT,sdl,2008,NaN,72,A,MM,213,NaN,NaN
NWT,sdl,2008,NaN,72,B,MM,271,NaN,NaN
NWT,sdl,2008,NaN,73,A,MM,253,NaN,NaN
NWT,sdl,2008,NaN,73,B,MM,341,NaN,NaN
NWT,sdl,2008,NaN,74,A,MM,75,NaN,NaN
NWT,sdl,2008,NaN,74,B,MM,114,NaN,NaN
NWT,sdl,2008,NaN,75,A,MM,97,NaN,NaN
NWT,sdl,2008,NaN,75,B,MM,49,NaN,NaN
NWT,sdl,2008,NaN,76,A,SB,182,NaN,NaN
NWT,sdl,2008,NaN,76,B,SB,167,NaN,NaN
NWT,sdl,2008,NaN,77,A,WM,259,NaN,NaN
NWT,sdl,2008,NaN,77,B,WM,141,NaN,NaN
NWT,sdl,2008,NaN,78,A,DM,181,NaN,NaN
NWT,sdl,2008,NaN,78,B,DM,137,NaN,NaN
NWT,sdl,2008,NaN,79,A,MM,113,NaN,NaN
NWT,sdl,2008,NaN,79,B,MM,108,NaN,NaN
NWT,sdl,2008,NaN,80,A,MM,85,NaN,NaN
NWT,sdl,2008,NaN,80,B,MM,234,NaN,NaN
NWT,sdl,2008,NaN,101,A,FF,41,NaN,NaN
NWT,sdl,2008,NaN,101,B,FF,117,NaN,NaN
NWT,sdl,2008,NaN,201,A,FF,118,NaN,NaN
NWT,sdl,2008,NaN,201,B,FF,64,NaN,NaN
NWT,sdl,2008,NaN,401,A,DM,112,NaN,NaN
NWT,sdl,2008,NaN,401,B,DM,80,NaN,NaN
NWT,sdl,2008,NaN,501,A,DM,75,NaN,NaN
NWT,sdl,2008,NaN,501,B,DM,80,NaN,NaN
NWT,sdl,2008,NaN,601,A,DM,208,NaN,NaN
NWT,sdl,2008,NaN,601,B,DM,198,NaN,NaN
NWT,sdl,2008,NaN,701,A,DM,139,NaN,NaN
NWT,sdl,2008,NaN,701,B,DM,177,NaN,NaN
NWT,sdl,2008,NaN,801,A,DM,185,NaN,NaN
NWT,sdl,2008,NaN,801,B,DM,165,NaN,NaN
NWT,sdl,2010,7/1/10,10,A,FF,83,NaN,NaN
NWT,sdl,2010,7/1/10,10,B,FF,106,NaN,NaN
NWT,sdl,2010,7/1/10,19,A,FF,80,NaN,NaN
NWT,sdl,2010,7/1/10,19,B,FF,73,NaN,NaN
NWT,sdl,2010,7/1/10,20,A,FF,43,NaN,NaN
NWT,sdl,2010,7/1/10,20,B,FF,31,NaN,NaN
NWT,sdl,2010,7/1/10,29,A,FF,54,NaN,NaN
NWT,sdl,2010,7/1/10,29,B,FF,81,NaN,NaN
NWT,sdl,2010,7/1/10,101,A,FF,42,NaN,NaN
NWT,sdl,2010,7/1/10,101,B,FF,43,NaN,NaN
NWT,sdl,2010,7/22/10,30,A,DM,105,NaN,NaN
NWT,sdl,2010,7/22/10,30,B,DM,82,NaN,NaN
NWT,sdl,2010,7/22/10,39,A,DM,74,NaN,NaN
NWT,sdl,2010,7/22/10,39,B,DM,117,NaN,NaN
NWT,sdl,2010,7/22/10,40,A,DM,167,NaN,NaN
NWT,sdl,2010,7/22/10,40,B,DM,142,NaN,NaN
NWT,sdl,2010,7/22/10,48,A,DM,183,NaN,NaN
NWT,sdl,2010,7/22/10,48,B,DM,222,NaN,NaN
NWT,sdl,2010,7/22/10,59,A,DM,122,NaN,NaN
NWT,sdl,2010,7/22/10,59,B,DM,176,NaN,NaN
NWT,sdl,2010,8/2/10,401,A,DM,133,NaN,NaN
NWT,sdl,2010,8/2/10,401,B,DM,72,NaN,NaN
NWT,sdl,2010,8/2/10,501,A,DM,157,NaN,NaN
NWT,sdl,2010,8/2/10,601,A,DM,130,NaN,NaN
NWT,sdl,2010,8/2/10,601,B,DM,75,NaN,NaN
NWT,sdl,2010,8/5/10,50,A,DM,60,NaN,NaN
NWT,sdl,2010,8/5/10,50,B,DM,39,NaN,NaN
NWT,sdl,2010,8/5/10,58,A,FF,130,NaN,NaN
NWT,sdl,2010,8/5/10,58,B,FF,74,NaN,NaN
NWT,sdl,2010,8/5/10,60,A,MM,93,NaN,NaN
NWT,sdl,2010,8/5/10,60,B,MM,65,NaN,NaN
NWT,sdl,2010,8/5/10,70,A,DM,61,NaN,NaN
NWT,sdl,2010,8/5/10,70,B,DM,76,NaN,NaN
NWT,sdl,2010,8/5/10,80,A,MM,56,NaN,NaN
NWT,sdl,2010,8/5/10,80,B,MM,60,NaN,NaN
NWT,sdl,2010,8/10/10,68,A,WM,69,NaN,NaN
NWT,sdl,2010,8/10/10,68,B,WM,297,NaN,NaN
NWT,sdl,2010,8/10/10,78,A,DM,179,NaN,NaN
NWT,sdl,2010,8/10/10,78,B,DM,256,NaN,NaN
NWT,sdl,2010,8/10/10,701,A,DM,218,NaN,NaN
NWT,sdl,2010,8/10/10,701,B,DM,134,NaN,NaN
NWT,sdl,2010,8/10/10,801,A,DM,84,NaN,NaN
NWT,sdl,2010,8/10/10,801,B,DM,129,NaN,NaN
NWT,sdl,2010,8/12/10,2,A,MM,262,NaN,NaN
NWT,sdl,2010,8/12/10,2,B,MM,120,NaN,NaN
NWT,sdl,2010,8/12/10,3,A,MM,384,NaN,NaN
NWT,sdl,2010,8/12/10,3,B,MM,437,NaN,NaN
NWT,sdl,2010,8/12/10,4,A,MM,97,NaN,NaN
NWT,sdl,2010,8/12/10,4,B,MM,101,NaN,NaN
NWT,sdl,2010,8/12/10,5,A,SB,132,NaN,NaN
NWT,sdl,2010,8/12/10,5,B,SB,126,NaN,NaN
NWT,sdl,2010,8/12/10,6,A,SB,169,NaN,NaN
NWT,sdl,2010,8/12/10,6,B,SB,113,NaN,NaN
NWT,sdl,2010,8/12/10,7,A,WM,161,NaN,NaN
NWT,sdl,2010,8/12/10,7,B,WM,272,NaN,NaN
NWT,sdl,2010,8/12/10,11,A,SB,74,NaN,NaN
NWT,sdl,2010,8/12/10,11,B,SB,28,NaN,NaN
NWT,sdl,2010,8/12/10,12,A,SB,101,NaN,NaN
NWT,sdl,2010,8/12/10,12,B,SB,92,NaN,NaN
NWT,sdl,2010,8/12/10,14,A,SB,127,NaN,NaN
NWT,sdl,2010,8/12/10,14,B,SB,74,NaN,NaN
NWT,sdl,2010,8/12/10,15,A,SB,44,NaN,NaN
NWT,sdl,2010,8/12/10,15,B,SB,66,NaN,NaN
NWT,sdl,2010,8/12/10,16,A,SB,156,NaN,NaN
NWT,sdl,2010,8/12/10,16,B,SB,152,NaN,NaN
NWT,sdl,2010,8/12/10,17,A,MM,119,NaN,NaN
NWT,sdl,2010,8/12/10,17,B,MM,116,NaN,NaN
NWT,sdl,2010,NaN,8,A,MM,103,NaN,NaN
NWT,sdl,2010,NaN,8,B,MM,143,NaN,NaN
NWT,sdl,2010,NaN,9,A,DM,172,NaN,NaN
NWT,sdl,2010,NaN,9,B,DM,136,NaN,NaN
NWT,sdl,2010,NaN,18,A,DM,188,NaN,NaN
NWT,sdl,2010,NaN,18,B,DM,126,NaN,NaN
NWT,sdl,2010,NaN,21,A,SB,111,NaN,NaN
NWT,sdl,2010,NaN,21,B,SB,68,NaN,NaN
NWT,sdl,2010,NaN,22,A,MM,176,NaN,NaN
NWT,sdl,2010,NaN,22,B,MM,232,NaN,NaN
NWT,sdl,2010,NaN,23,A,SB,119,NaN,NaN
NWT,sdl,2010,NaN,23,B,SB,126,NaN,NaN
NWT,sdl,2010,NaN,24,A,SB,108,NaN,NaN
NWT,sdl,2010,NaN,24,B,SB,148,NaN,NaN
NWT,sdl,2010,NaN,25,A,MM,68,NaN,NaN
NWT,sdl,2010,NaN,25,B,MM,62,NaN,NaN
NWT,sdl,2010,NaN,26,A,MM,169,NaN,NaN
NWT,sdl,2010,NaN,26,B,MM,245,NaN,NaN
NWT,sdl,2010,NaN,27,A,MM,117,NaN,NaN
NWT,sdl,2010,NaN,27,B,MM,186,NaN,NaN
NWT,sdl,2010,NaN,28,A,SF,255,NaN,NaN
NWT,sdl,2010,NaN,28,B,SF,250,NaN,NaN
NWT,sdl,2010,NaN,31,A,SB,178,NaN,NaN
NWT,sdl,2010,NaN,31,B,SB,276,NaN,NaN
NWT,sdl,2010,NaN,32,A,SB,158,NaN,NaN
NWT,sdl,2010,NaN,32,B,SB,107,NaN,NaN
NWT,sdl,2010,NaN,33,A,SB,52,NaN,NaN
NWT,sdl,2010,NaN,33,B,SB,83,NaN,NaN
NWT,sdl,2010,NaN,34,A,SB,66,NaN,NaN
NWT,sdl,2010,NaN,34,B,SB,73,NaN,NaN
NWT,sdl,2010,NaN,35,A,SB,97,NaN,NaN
NWT,sdl,2010,NaN,35,B,SB,82,NaN,NaN
NWT,sdl,2010,NaN,36,A,MM,99,NaN,NaN
NWT,sdl,2010,NaN,36,B,MM,183,NaN,NaN
NWT,sdl,2010,NaN,37,A,ST,381,NaN,NaN
NWT,sdl,2010,NaN,37,B,ST,228,NaN,NaN
NWT,sdl,2010,NaN,38,A,SF,194,NaN,NaN
NWT,sdl,2010,NaN,38,B,SF,138,NaN,NaN
NWT,sdl,2010,NaN,43,A,MM,94,NaN,NaN
NWT,sdl,2010,NaN,43,B,MM,133,NaN,NaN
NWT,sdl,2010,NaN,44,A,MM,148,NaN,NaN
NWT,sdl,2010,NaN,44,B,MM,100,NaN,NaN
NWT,sdl,2010,NaN,45,A,SB,99,NaN,NaN
NWT,sdl,2010,NaN,45,B,SB,77,NaN,NaN
NWT,sdl,2010,NaN,46,A,MM,122,NaN,NaN
NWT,sdl,2010,NaN,46,B,MM,134,NaN,NaN
NWT,sdl,2010,NaN,47,A,WM,135,NaN,NaN
NWT,sdl,2010,NaN,47,B,WM,217,NaN,NaN
NWT,sdl,2010,NaN,49,A,MM,204,NaN,NaN
NWT,sdl,2010,NaN,49,B,MM,156,NaN,NaN
NWT,sdl,2010,NaN,51,A,FF,229,NaN,NaN
NWT,sdl,2010,NaN,51,B,FF,104,NaN,NaN
NWT,sdl,2010,NaN,52,A,MM,276,NaN,NaN
NWT,sdl,2010,NaN,52,B,MM,265,NaN,NaN
NWT,sdl,2010,NaN,53,A,MM,123,NaN,NaN
NWT,sdl,2010,NaN,53,B,MM,62,NaN,NaN
NWT,sdl,2010,NaN,54,A,SB,97,NaN,NaN
NWT,sdl,2010,NaN,54,B,SB,121,NaN,NaN
NWT,sdl,2010,NaN,55,A,SB,89,NaN,NaN
NWT,sdl,2010,NaN,55,B,SB,34,NaN,NaN
NWT,sdl,2010,NaN,56,A,SB,58,NaN,NaN
NWT,sdl,2010,NaN,56,B,SB,67,NaN,NaN
NWT,sdl,2010,NaN,57,A,WM,144,NaN,NaN
NWT,sdl,2010,NaN,57,B,WM,186,NaN,NaN
NWT,sdl,2010,NaN,61,A,MM,156,NaN,NaN
NWT,sdl,2010,NaN,61,B,MM,182,NaN,NaN
NWT,sdl,2010,NaN,62,A,SB,85,NaN,NaN
NWT,sdl,2010,NaN,62,B,SB,96,NaN,NaN
NWT,sdl,2010,NaN,64,A,MM,198,NaN,NaN
NWT,sdl,2010,NaN,64,B,MM,130,NaN,NaN
NWT,sdl,2010,NaN,65,A,SB,40,NaN,NaN
NWT,sdl,2010,NaN,65,B,SB,46,NaN,NaN
NWT,sdl,2010,NaN,66,A,SB,40,NaN,NaN
NWT,sdl,2010,NaN,66,B,SB,19,NaN,NaN
NWT,sdl,2010,NaN,67,A,MM,347,NaN,NaN
NWT,sdl,2010,NaN,67,B,MM,241,NaN,NaN
NWT,sdl,2010,NaN,69,A,DM,48,NaN,NaN
NWT,sdl,2010,NaN,69,B,DM,100,NaN,NaN
NWT,sdl,2010,NaN,72,A,MM,166,NaN,NaN
NWT,sdl,2010,NaN,72,B,MM,254,NaN,NaN
NWT,sdl,2010,NaN,73,A,MM,199,NaN,NaN
NWT,sdl,2010,NaN,73,B,MM,179,NaN,NaN
NWT,sdl,2010,NaN,74,A,MM,156,NaN,NaN
NWT,sdl,2010,NaN,74,B,MM,132,NaN,NaN
NWT,sdl,2010,NaN,75,A,MM,30,NaN,NaN
NWT,sdl,2010,NaN,75,B,MM,88,NaN,NaN
NWT,sdl,2010,NaN,76,A,SB,188,NaN,NaN
NWT,sdl,2010,NaN,76,B,SB,283,NaN,NaN
NWT,sdl,2010,NaN,77,A,WM,109,NaN,NaN
NWT,sdl,2010,NaN,77,B,WM,149,NaN,NaN
NWT,sdl,2010,NaN,79,A,MM,81,NaN,NaN
NWT,sdl,2010,NaN,79,B,MM,57,NaN,NaN
NWT,sdl,2010,NaN,201,A,FF,26,NaN,NaN
NWT,sdl,2010,NaN,201,B,FF,40,NaN,NaN
NWT,sdl,2010,NaN,501,B,DM,143,NaN,NaN
NWT,sdl,2011,7/12/11,10,A,FF,273,NaN,NaN
NWT,sdl,2011,7/12/11,10,B,FF,182,NaN,NaN
NWT,sdl,2011,7/12/11,101,A,FF,94,NaN,NaN
NWT,sdl,2011,7/12/11,101,B,FF,32,NaN,NaN
NWT,sdl,2011,7/12/11,201,A,FF,102,NaN,NaN
NWT,sdl,2011,7/12/11,201,B,FF,217,NaN,NaN
NWT,sdl,2011,7/13/11,19,A,FF,149,NaN,NaN
NWT,sdl,2011,7/13/11,19,B,FF,90,NaN,NaN
NWT,sdl,2011,7/13/11,20,A,FF,89,NaN,NaN
NWT,sdl,2011,7/13/11,20,B,FF,71,NaN,NaN
NWT,sdl,2011,7/13/11,29,A,FF,168,NaN,NaN
NWT,sdl,2011,7/13/11,29,B,FF,120,NaN,NaN
NWT,sdl,2011,7/13/11,30,A,DM,71,NaN,NaN
NWT,sdl,2011,7/13/11,30,B,DM,68,NaN,NaN
NWT,sdl,2011,7/20/11,9,A,DM,109,NaN,NaN
NWT,sdl,2011,7/20/11,9,B,DM,69,NaN,NaN
NWT,sdl,2011,7/20/11,18,A,DM,108,NaN,NaN
NWT,sdl,2011,7/20/11,18,B,DM,144,NaN,NaN
NWT,sdl,2011,7/20/11,38,A,SF,135,NaN,NaN
NWT,sdl,2011,7/20/11,38,B,SF,155,NaN,NaN
NWT,sdl,2011,7/20/11,39,A,DM,103,NaN,NaN
NWT,sdl,2011,7/20/11,39,B,DM,91,NaN,NaN
NWT,sdl,2011,7/20/11,40,A,DM,95,NaN,NaN
NWT,sdl,2011,7/20/11,40,B,DM,92,NaN,NaN
NWT,sdl,2011,7/20/11,701,B,DM,76,NaN,NaN
NWT,sdl,2011,7/20/11,801,A,DM,136,NaN,NaN
NWT,sdl,2011,7/22/11,50,A,DM,94,NaN,NaN
NWT,sdl,2011,7/22/11,50,B,DM,83,NaN,NaN
NWT,sdl,2011,7/22/11,401,A,DM,98,NaN,NaN
NWT,sdl,2011,7/22/11,401,B,DM,80,NaN,NaN
NWT,sdl,2011,7/22/11,501,A,DM,142,NaN,NaN
NWT,sdl,2011,7/22/11,501,B,DM,146,NaN,NaN
NWT,sdl,2011,7/22/11,601,A,DM,193,NaN,NaN
NWT,sdl,2011,7/22/11,601,B,DM,180,NaN,NaN
NWT,sdl,2011,7/22/11,701,A,DM,120,NaN,NaN
NWT,sdl,2011,7/22/11,801,B,DM,71,NaN,NaN
NWT,sdl,2011,7/25/11,49,A,MM,84,NaN,NaN
NWT,sdl,2011,7/25/11,58,A,FF,73,NaN,NaN
NWT,sdl,2011,7/25/11,58,B,FF,50,NaN,NaN
NWT,sdl,2011,7/25/11,59,A,DM,147,NaN,NaN
NWT,sdl,2011,7/25/11,59,B,DM,82,NaN,NaN
NWT,sdl,2011,7/25/11,69,A,DM,159,NaN,NaN
NWT,sdl,2011,7/25/11,69,B,DM,72,NaN,NaN
NWT,sdl,2011,7/25/11,70,A,DM,82,NaN,NaN
NWT,sdl,2011,7/25/11,70,B,DM,59,NaN,NaN
NWT,sdl,2011,7/25/11,78,A,DM,280,NaN,NaN
NWT,sdl,2011,7/26/11,49,B,MM,203,NaN,NaN
NWT,sdl,2011,7/26/11,60,A,MM,240,NaN,NaN
NWT,sdl,2011,7/26/11,60,B,MM,129,NaN,NaN
NWT,sdl,2011,7/26/11,79,A,MM,157,NaN,NaN
NWT,sdl,2011,7/27/11,8,A,MM,198,NaN,NaN
NWT,sdl,2011,7/27/11,8,B,MM,81,NaN,NaN
NWT,sdl,2011,7/27/11,17,A,MM,227,NaN,NaN
NWT,sdl,2011,7/27/11,17,B,MM,203,NaN,NaN
NWT,sdl,2011,7/27/11,27,A,MM,233,NaN,NaN
NWT,sdl,2011,7/27/11,27,B,MM,175,NaN,NaN
NWT,sdl,2011,7/27/11,28,A,SF,170,NaN,NaN
NWT,sdl,2011,7/27/11,28,B,SF,124,NaN,NaN
NWT,sdl,2011,7/27/11,67,A,MM,321,NaN,NaN
NWT,sdl,2011,7/27/11,67,B,MM,250,NaN,NaN
NWT,sdl,2011,7/27/11,74,A,MM,51,NaN,NaN
NWT,sdl,2011,7/27/11,79,B,MM,132,NaN,NaN
NWT,sdl,2011,7/27/11,80,A,MM,123,NaN,NaN
NWT,sdl,2011,7/27/11,80,B,MM,127,NaN,NaN
NWT,sdl,2011,8/2/11,12,A,SB,109,NaN,NaN
NWT,sdl,2011,8/2/11,12,B,SB,59,NaN,NaN
NWT,sdl,2011,8/2/11,14,A,SB,40,NaN,NaN
NWT,sdl,2011,8/2/11,14,B,SB,50,NaN,NaN
NWT,sdl,2011,8/2/11,15,A,SB,62,NaN,NaN
NWT,sdl,2011,8/2/11,15,B,SB,50,NaN,NaN
NWT,sdl,2011,8/2/11,16,A,SB,131,NaN,NaN
NWT,sdl,2011,8/2/11,26,A,MM,101,NaN,NaN
NWT,sdl,2011,8/2/11,26,B,MM,113,NaN,NaN
NWT,sdl,2011,8/2/11,47,A,WM,248,NaN,NaN
NWT,sdl,2011,8/2/11,47,B,WM,168,NaN,NaN
NWT,sdl,2011,8/2/11,57,A,WM,175,NaN,NaN
NWT,sdl,2011,8/3/11,31,A,SB,81,NaN,NaN
NWT,sdl,2011,8/3/11,31,B,SB,51,NaN,NaN
NWT,sdl,2011,8/3/11,62,A,SB,92,NaN,NaN
NWT,sdl,2011,8/3/11,62,B,SB,119,NaN,NaN
NWT,sdl,2011,8/3/11,68,A,WM,141,NaN,NaN
NWT,sdl,2011,8/3/11,68,B,WM,188,NaN,NaN
NWT,sdl,2011,8/4/11,21,A,SB,132,NaN,NaN
NWT,sdl,2011,8/4/11,21,B,SB,69,NaN,NaN
NWT,sdl,2011,8/4/11,32,A,SB,90,NaN,NaN
NWT,sdl,2011,8/4/11,32,B,SB,70,NaN,NaN
NWT,sdl,2011,8/4/11,52,A,MM,283,NaN,NaN
NWT,sdl,2011,8/4/11,52,B,MM,335,NaN,NaN
NWT,sdl,2011,8/4/11,61,A,MM,282,NaN,NaN
NWT,sdl,2011,8/4/11,61,B,MM,163,NaN,NaN
NWT,sdl,2011,8/4/11,72,A,MM,164,NaN,NaN
NWT,sdl,2011,8/5/11,6,A,SB,81,NaN,NaN
NWT,sdl,2011,8/5/11,6,B,SB,91,NaN,NaN
NWT,sdl,2011,8/5/11,7,A,WM,140,NaN,NaN
NWT,sdl,2011,8/5/11,7,B,WM,176,NaN,NaN
NWT,sdl,2011,8/5/11,11,A,SB,82,NaN,NaN
NWT,sdl,2011,8/5/11,11,B,SB,38,NaN,NaN
NWT,sdl,2011,8/5/11,22,B,MM,87,NaN,NaN
NWT,sdl,2011,8/5/11,25,A,MM,101,NaN,NaN
NWT,sdl,2011,8/5/11,25,B,MM,73,NaN,NaN
NWT,sdl,2011,8/5/11,36,A,MM,117,NaN,NaN
NWT,sdl,2011,8/5/11,36,B,MM,134,NaN,NaN
NWT,sdl,2011,8/5/11,51,A,FF,80,NaN,NaN
NWT,sdl,2011,8/5/11,51,B,FF,103,NaN,NaN
NWT,sdl,2011,8/5/11,64,A,MM,171,NaN,NaN
NWT,sdl,2011,8/5/11,64,B,MM,128,NaN,NaN
NWT,sdl,2011,8/5/11,73,A,MM,201,NaN,NaN
NWT,sdl,2011,8/5/11,73,B,MM,206,NaN,NaN
NWT,sdl,2011,8/8/11,53,A,MM,164,NaN,NaN
NWT,sdl,2011,8/8/11,57,B,WM,202,NaN,NaN
NWT,sdl,2011,8/8/11,72,B,MM,201,NaN,NaN
NWT,sdl,2011,8/8/11,77,A,WM,136,NaN,NaN
NWT,sdl,2011,8/8/11,77,B,WM,205,NaN,NaN
NWT,sdl,2011,8/8/11,78,B,DM,265,NaN,NaN
NWT,sdl,2011,8/10/11,2,A,MM,139,NaN,NaN
NWT,sdl,2011,8/10/11,2,B,MM,136,NaN,NaN
NWT,sdl,2011,8/10/11,3,A,MM,304,NaN,NaN
NWT,sdl,2011,8/10/11,3,B,MM,370,NaN,NaN
NWT,sdl,2011,8/10/11,4,A,MM,116,NaN,NaN
NWT,sdl,2011,8/10/11,4,B,MM,83,NaN,NaN
NWT,sdl,2011,8/10/11,5,A,SB,141,NaN,NaN
NWT,sdl,2011,8/10/11,5,B,SB,103,NaN,NaN
NWT,sdl,2011,8/10/11,23,A,SB,75,NaN,NaN
NWT,sdl,2011,8/10/11,23,B,SB,98,NaN,NaN
NWT,sdl,2011,8/10/11,24,A,SB,155,NaN,NaN
NWT,sdl,2011,8/10/11,35,A,SB,89,NaN,NaN
NWT,sdl,2011,8/10/11,35,B,SB,69,NaN,NaN
NWT,sdl,2011,8/10/11,53,B,MM,275,NaN,NaN
NWT,sdl,2011,8/21/11,16,B,SB,121,NaN,NaN
NWT,sdl,2011,9/2/11,24,B,SB,122,NaN,NaN
NWT,sdl,2011,9/2/11,37,A,ST,75,NaN,NaN
NWT,sdl,2011,9/2/11,37,B,ST,132,NaN,NaN
NWT,sdl,2011,9/2/11,43,A,MM,64,NaN,NaN
NWT,sdl,2011,9/2/11,43,B,MM,52,NaN,NaN
NWT,sdl,2011,9/2/11,44,A,MM,66,NaN,NaN
NWT,sdl,2011,9/2/11,44,B,MM,72,NaN,NaN
NWT,sdl,2011,9/2/11,45,A,SB,35,NaN,NaN
NWT,sdl,2011,9/2/11,45,B,SB,50,NaN,NaN
NWT,sdl,2011,9/2/11,46,A,MM,71,NaN,NaN
NWT,sdl,2011,9/2/11,46,B,MM,119,NaN,NaN
NWT,sdl,2011,9/2/11,54,A,SB,51,NaN,NaN
NWT,sdl,2011,9/2/11,54,B,SB,93,NaN,NaN
NWT,sdl,2011,9/2/11,55,A,SB,98,NaN,NaN
NWT,sdl,2011,9/2/11,55,B,SB,56,NaN,NaN
NWT,sdl,2011,9/2/11,65,A,SB,8,NaN,NaN
NWT,sdl,2011,9/2/11,65,B,SB,12,NaN,NaN
NWT,sdl,2011,9/2/11,66,A,SB,11,NaN,NaN
NWT,sdl,2011,9/2/11,66,B,SB,54,NaN,NaN
NWT,sdl,2011,9/2/11,74,B,MM,11,NaN,NaN
NWT,sdl,2011,9/2/11,75,A,MM,14,NaN,NaN
NWT,sdl,2011,9/2/11,75,B,MM,32,NaN,NaN
NWT,sdl,2011,9/2/11,76,A,SB,129,NaN,NaN
NWT,sdl,2011,9/2/11,76,B,SB,67,NaN,NaN
NWT,sdl,2011,9/9/11,22,A,MM,128,NaN,NaN
NWT,sdl,2011,9/9/11,33,A,SB,68,NaN,NaN
NWT,sdl,2011,9/9/11,33,B,SB,77,NaN,NaN
NWT,sdl,2011,9/9/11,34,A,SB,11,NaN,NaN
NWT,sdl,2011,9/9/11,34,B,SB,41,NaN,NaN
NWT,sdl,2011,9/9/11,48,A,DM,80,NaN,NaN
NWT,sdl,2011,9/9/11,48,B,DM,52,NaN,NaN
NWT,sdl,2011,9/9/11,56,A,SB,28,NaN,NaN
NWT,sdl,2011,9/9/11,56,B,SB,103,NaN,NaN
NWT,sdl,2012,7/12/10,72,B,MM,216,NaN,NaN
NWT,sdl,2012,6/26/12,9,A,DM,106,NaN,NaN
NWT,sdl,2012,6/26/12,9,B,DM,66,NaN,NaN
NWT,sdl,2012,6/26/12,18,A,DM,73,NaN,NaN
NWT,sdl,2012,6/26/12,18,B,DM,56,NaN,NaN
NWT,sdl,2012,6/26/12,19,A,FF,294,NaN,NaN
NWT,sdl,2012,6/26/12,19,B,FF,132,NaN,NaN
NWT,sdl,2012,6/26/12,20,A,FF,158,NaN,NaN
NWT,sdl,2012,6/26/12,20,B,FF,105,NaN,NaN
NWT,sdl,2012,6/26/12,29,A,FF,149,NaN,NaN
NWT,sdl,2012,6/26/12,29,B,FF,100,NaN,NaN
NWT,sdl,2012,6/26/12,30,A,DM,76,NaN,NaN
NWT,sdl,2012,6/26/12,30,B,DM,75,NaN,NaN
NWT,sdl,2012,6/26/12,39,A,DM,74,NaN,NaN
NWT,sdl,2012,6/26/12,39,B,DM,72,NaN,NaN
NWT,sdl,2012,6/26/12,40,A,DM,100,NaN,NaN
NWT,sdl,2012,6/26/12,40,B,DM,81,NaN,NaN
NWT,sdl,2012,6/26/12,48,A,DM,59,NaN,NaN
NWT,sdl,2012,6/26/12,48,B,DM,102,NaN,NaN
NWT,sdl,2012,6/26/12,50,A,DM,38,NaN,NaN
NWT,sdl,2012,6/26/12,50,B,DM,30,NaN,NaN
NWT,sdl,2012,6/26/12,58,A,FF,97,NaN,NaN
NWT,sdl,2012,6/26/12,58,B,FF,219,NaN,NaN
NWT,sdl,2012,6/26/12,59,A,DM,100,NaN,NaN
NWT,sdl,2012,6/26/12,59,B,DM,46,NaN,NaN
NWT,sdl,2012,6/26/12,69,A,DM,126,NaN,NaN
NWT,sdl,2012,6/26/12,69,B,DM,73,NaN,NaN
NWT,sdl,2012,6/26/12,70,A,DM,103,NaN,NaN
NWT,sdl,2012,6/26/12,70,B,DM,77,NaN,NaN
NWT,sdl,2012,6/26/12,78,A,DM,119,NaN,NaN
NWT,sdl,2012,6/26/12,78,B,DM,155,NaN,NaN
NWT,sdl,2012,6/26/12,101,A,FF,83,NaN,NaN
NWT,sdl,2012,6/26/12,101,B,FF,157,NaN,NaN
NWT,sdl,2012,6/26/12,201,A,FF,125,NaN,NaN
NWT,sdl,2012,6/26/12,201,B,FF,131,NaN,NaN
NWT,sdl,2012,6/26/12,401,A,DM,81,NaN,NaN
NWT,sdl,2012,6/26/12,401,B,DM,83,NaN,NaN
NWT,sdl,2012,6/26/12,501,A,DM,82,NaN,NaN
NWT,sdl,2012,6/26/12,501,B,DM,74,NaN,NaN
NWT,sdl,2012,6/26/12,601,A,DM,72,NaN,NaN
NWT,sdl,2012,6/26/12,601,B,DM,111,NaN,NaN
NWT,sdl,2012,6/26/12,701,A,DM,100,NaN,NaN
NWT,sdl,2012,6/26/12,701,B,DM,116,NaN,NaN
NWT,sdl,2012,6/26/12,801,A,DM,53,NaN,NaN
NWT,sdl,2012,6/26/12,801,B,DM,87,NaN,NaN
NWT,sdl,2012,6/27/12,10,A,FF,57,NaN,NaN
NWT,sdl,2012,6/27/12,10,B,FF,47,NaN,NaN
NWT,sdl,2012,7/9/12,8,A,MM,185,NaN,NaN
NWT,sdl,2012,7/9/12,8,B,MM,146,NaN,NaN
NWT,sdl,2012,7/9/12,43,A,MM,90,NaN,NaN
NWT,sdl,2012,7/9/12,43,B,MM,58,NaN,NaN
NWT,sdl,2012,7/9/12,49,A,MM,140,NaN,NaN
NWT,sdl,2012,7/9/12,49,B,MM,147,NaN,NaN
NWT,sdl,2012,7/9/12,51,A,FF,46,NaN,NaN
NWT,sdl,2012,7/9/12,51,B,FF,144,NaN,NaN
NWT,sdl,2012,7/9/12,52,A,MM,137,NaN,NaN
NWT,sdl,2012,7/9/12,52,B,MM,82,NaN,NaN
NWT,sdl,2012,7/9/12,53,A,MM,159,NaN,NaN
NWT,sdl,2012,7/9/12,53,B,MM,129,NaN,NaN
NWT,sdl,2012,7/9/12,60,A,MM,171,NaN,NaN
NWT,sdl,2012,7/9/12,60,B,MM,139,NaN,NaN
NWT,sdl,2012,7/9/12,67,A,MM,390,NaN,NaN
NWT,sdl,2012,7/9/12,67,B,MM,299,NaN,NaN
NWT,sdl,2012,7/9/12,79,A,MM,130,NaN,NaN
NWT,sdl,2012,7/9/12,79,B,MM,94,NaN,NaN
NWT,sdl,2012,7/9/12,80,A,MM,70,NaN,NaN
NWT,sdl,2012,7/9/12,80,B,MM,57,NaN,NaN
NWT,sdl,2012,7/11/12,2,A,MM,203,NaN,NaN
NWT,sdl,2012,7/11/12,2,B,MM,227,NaN,NaN
NWT,sdl,2012,7/11/12,3,A,MM,314,NaN,NaN
NWT,sdl,2012,7/11/12,3,B,MM,358,NaN,NaN
NWT,sdl,2012,7/11/12,4,A,MM,106,NaN,NaN
NWT,sdl,2012,7/11/12,4,B,MM,167,NaN,NaN
NWT,sdl,2012,7/11/12,17,A,MM,170,NaN,NaN
NWT,sdl,2012,7/11/12,17,B,MM,140,NaN,NaN
NWT,sdl,2012,7/11/12,22,A,MM,220,NaN,NaN
NWT,sdl,2012,7/11/12,22,B,MM,192,NaN,NaN
NWT,sdl,2012,7/11/12,25,A,MM,146,NaN,NaN
NWT,sdl,2012,7/11/12,25,B,MM,127,NaN,NaN
NWT,sdl,2012,7/11/12,26,A,MM,205,NaN,NaN
NWT,sdl,2012,7/11/12,26,B,MM,197,NaN,NaN
NWT,sdl,2012,7/11/12,27,A,MM,165,NaN,NaN
NWT,sdl,2012,7/11/12,27,B,MM,174,NaN,NaN
NWT,sdl,2012,7/11/12,28,A,SF,184,NaN,NaN
NWT,sdl,2012,7/11/12,28,B,SF,177,NaN,NaN
NWT,sdl,2012,7/12/12,36,A,MM,162,NaN,NaN
NWT,sdl,2012,7/12/12,36,B,MM,88,NaN,NaN
NWT,sdl,2012,7/12/12,38,A,SF,214,NaN,NaN
NWT,sdl,2012,7/12/12,38,B,SF,167,NaN,NaN
NWT,sdl,2012,7/12/12,46,A,MM,222,NaN,NaN
NWT,sdl,2012,7/12/12,46,B,MM,145,NaN,NaN
NWT,sdl,2012,7/12/12,61,A,MM,182,NaN,NaN
NWT,sdl,2012,7/12/12,61,B,MM,201,NaN,NaN
NWT,sdl,2012,7/12/12,64,A,MM,143,NaN,NaN
NWT,sdl,2012,7/12/12,64,B,MM,132,NaN,NaN
NWT,sdl,2012,7/12/12,72,A,MM,190,NaN,NaN
NWT,sdl,2012,7/12/12,73,A,MM,122,NaN,NaN
NWT,sdl,2012,7/12/12,73,B,MM,196,NaN,NaN
NWT,sdl,2012,7/12/12,74,A,MM,196,NaN,NaN
NWT,sdl,2012,7/12/12,74,B,MM,138,NaN,NaN
NWT,sdl,2012,7/12/12,75,A,MM,81,NaN,NaN
NWT,sdl,2012,7/12/12,75,B,MM,64,NaN,NaN
NWT,sdl,2012,7/13/12,5,A,SB,85,NaN,NaN
NWT,sdl,2012,7/13/12,5,B,SB,136,NaN,NaN
NWT,sdl,2012,7/13/12,6,A,SB,153,NaN,NaN
NWT,sdl,2012,7/13/12,6,B,SB,137,NaN,NaN
NWT,sdl,2012,7/13/12,11,A,SB,113,NaN,NaN
NWT,sdl,2012,7/13/12,11,B,SB,78,NaN,NaN
NWT,sdl,2012,7/13/12,12,A,SB,148,NaN,NaN
NWT,sdl,2012,7/13/12,12,B,SB,81,NaN,NaN
NWT,sdl,2012,7/13/12,14,A,SB,86,NaN,NaN
NWT,sdl,2012,7/13/12,14,B,SB,62,NaN,NaN
NWT,sdl,2012,7/13/12,15,A,SB,78,NaN,NaN
NWT,sdl,2012,7/13/12,15,B,SB,154,NaN,NaN
NWT,sdl,2012,7/13/12,16,A,SB,174,NaN,NaN
NWT,sdl,2012,7/13/12,16,B,SB,289,NaN,NaN
NWT,sdl,2012,7/13/12,21,A,SB,75,NaN,NaN
NWT,sdl,2012,7/13/12,21,B,SB,69,NaN,NaN
NWT,sdl,2012,7/13/12,23,A,SB,124,NaN,NaN
NWT,sdl,2012,7/13/12,23,B,SB,160,NaN,NaN
NWT,sdl,2012,7/13/12,24,A,SB,131,NaN,NaN
NWT,sdl,2012,7/13/12,24,B,SB,85,NaN,NaN
NWT,sdl,2012,7/13/12,31,A,SB,275,NaN,NaN
NWT,sdl,2012,7/13/12,31,B,SB,179,NaN,NaN
NWT,sdl,2012,7/13/12,32,A,SB,84,NaN,NaN
NWT,sdl,2012,7/13/12,32,B,SB,112,NaN,NaN
NWT,sdl,2012,7/13/12,33,A,SB,109,NaN,NaN
NWT,sdl,2012,7/13/12,33,B,SB,76,NaN,NaN
NWT,sdl,2012,7/13/12,34,A,SB,134,NaN,NaN
NWT,sdl,2012,7/13/12,34,B,SB,38,NaN,NaN
NWT,sdl,2012,7/13/12,35,A,SB,91,NaN,NaN
NWT,sdl,2012,7/13/12,35,B,SB,95,NaN,NaN
NWT,sdl,2012,7/13/12,44,A,MM,137,NaN,NaN
NWT,sdl,2012,7/13/12,44,B,MM,147,NaN,NaN
NWT,sdl,2012,7/13/12,45,A,SB,113,NaN,NaN
NWT,sdl,2012,7/13/12,45,B,SB,74,NaN,NaN
NWT,sdl,2012,7/13/12,54,A,SB,80,NaN,NaN
NWT,sdl,2012,7/13/12,54,B,SB,77,NaN,NaN
NWT,sdl,2012,7/13/12,55,A,SB,138,NaN,NaN
NWT,sdl,2012,7/13/12,55,B,SB,123,NaN,NaN
NWT,sdl,2012,7/16/12,7,A,WM,219,NaN,NaN
NWT,sdl,2012,7/16/12,7,B,WM,244,NaN,NaN
NWT,sdl,2012,7/16/12,37,A,ST,329,NaN,NaN
NWT,sdl,2012,7/16/12,37,B,ST,276,NaN,NaN
NWT,sdl,2012,7/16/12,47,A,WM,203,NaN,NaN
NWT,sdl,2012,7/16/12,47,B,WM,168,NaN,NaN
NWT,sdl,2012,7/16/12,62,A,SB,109,NaN,NaN
NWT,sdl,2012,7/16/12,62,B,SB,135,NaN,NaN
NWT,sdl,2012,7/18/12,56,A,SB,107,NaN,NaN
NWT,sdl,2012,7/18/12,56,B,SB,128,NaN,NaN
NWT,sdl,2012,7/18/12,57,A,WM,177,NaN,NaN
NWT,sdl,2012,7/18/12,57,B,WM,213,NaN,NaN
NWT,sdl,2012,7/18/12,65,A,SB,56,NaN,NaN
NWT,sdl,2012,7/18/12,65,B,SB,72,NaN,NaN
NWT,sdl,2012,7/18/12,66,A,SB,42,NaN,NaN
NWT,sdl,2012,7/18/12,66,B,SB,62,NaN,NaN
NWT,sdl,2012,7/18/12,68,A,WM,127,NaN,NaN
NWT,sdl,2012,7/18/12,68,B,WM,178,NaN,NaN
NWT,sdl,2012,7/18/12,76,A,SB,377,NaN,NaN
NWT,sdl,2012,7/18/12,76,B,SB,113,NaN,NaN
NWT,sdl,2012,7/18/12,77,A,WM,184,NaN,NaN
NWT,sdl,2012,7/18/12,77,B,WM,239,NaN,NaN
NWT,sdl,2013,7/17/13,19,A,FF,111,NaN,NaN
NWT,sdl,2013,7/17/13,19,B,FF,242,NaN,NaN
NWT,sdl,2013,7/17/13,20,A,FF,91,NaN,NaN
NWT,sdl,2013,7/17/13,20,B,FF,78,NaN,NaN
NWT,sdl,2013,7/17/13,29,A,FF,156,NaN,NaN
NWT,sdl,2013,7/17/13,29,B,FF,223,NaN,NaN
NWT,sdl,2013,7/17/13,51,A,FF,159,NaN,NaN
NWT,sdl,2013,7/17/13,51,B,FF,153,NaN,NaN
NWT,sdl,2013,7/17/13,201,A,FF,101,NaN,NaN
NWT,sdl,2013,7/17/13,201,B,FF,87,NaN,NaN
NWT,sdl,2013,7/18/13,9,A,DM,109,NaN,NaN
NWT,sdl,2013,7/18/13,9,B,DM,163,NaN,NaN
NWT,sdl,2013,7/18/13,10,A,FF,110,NaN,NaN
NWT,sdl,2013,7/18/13,10,B,FF,161,NaN,NaN
NWT,sdl,2013,7/18/13,30,A,DM,145,NaN,NaN
NWT,sdl,2013,7/18/13,30,B,DM,148,NaN,NaN
NWT,sdl,2013,7/18/13,40,A,DM,189,NaN,NaN
NWT,sdl,2013,7/18/13,40,B,DM,108,NaN,NaN
NWT,sdl,2013,7/18/13,58,A,FF,181,NaN,NaN
NWT,sdl,2013,7/18/13,58,B,FF,151,NaN,NaN
NWT,sdl,2013,7/18/13,101,A,FF,138,NaN,NaN
NWT,sdl,2013,7/18/13,101,B,FF,54,NaN,NaN
NWT,sdl,2013,7/24/13,18,A,DM,159,NaN,NaN
NWT,sdl,2013,7/24/13,18,B,DM,229,NaN,NaN
NWT,sdl,2013,7/24/13,39,B,DM,94,NaN,NaN
NWT,sdl,2013,7/24/13,48,A,DM,183,NaN,NaN
NWT,sdl,2013,7/24/13,48,B,DM,170,NaN,NaN
NWT,sdl,2013,7/24/13,50,A,DM,76,NaN,NaN
NWT,sdl,2013,7/24/13,50,B,DM,78,NaN,NaN
NWT,sdl,2013,7/24/13,59,A,DM,92,NaN,NaN
NWT,sdl,2013,7/24/13,59,B,DM,96,NaN,NaN
NWT,sdl,2013,7/24/13,69,A,DM,127,NaN,NaN
NWT,sdl,2013,7/24/13,69,B,DM,176,NaN,NaN
NWT,sdl,2013,7/24/13,70,A,DM,156,NaN,NaN
NWT,sdl,2013,7/24/13,70,B,DM,170,NaN,NaN
NWT,sdl,2013,7/24/13,78,A,DM,267,NaN,NaN
NWT,sdl,2013,7/24/13,78,B,DM,209,NaN,NaN
NWT,sdl,2013,7/24/13,401,B,DM,113,NaN,NaN
NWT,sdl,2013,7/24/13,601,A,DM,262,NaN,NaN
NWT,sdl,2013,7/24/13,601,B,DM,134,NaN,NaN
NWT,sdl,2013,7/24/13,701,A,DM,165,NaN,NaN
NWT,sdl,2013,7/24/13,701,B,DM,125,NaN,NaN
NWT,sdl,2013,7/24/13,801,A,DM,114,NaN,NaN
NWT,sdl,2013,7/24/13,801,B,DM,134,NaN,NaN
NWT,sdl,2013,7/25/13,39,A,DM,109,NaN,NaN
NWT,sdl,2013,7/25/13,401,A,DM,131,NaN,NaN
NWT,sdl,2013,7/25/13,501,A,DM,136,NaN,NaN
NWT,sdl,2013,7/25/13,501,B,DM,129,NaN,NaN
NWT,sdl,2013,7/26/13,2,A,MM,292,NaN,NaN
NWT,sdl,2013,7/26/13,2,B,MM,311,NaN,NaN
NWT,sdl,2013,7/26/13,3,A,MM,495,NaN,NaN
NWT,sdl,2013,7/26/13,3,B,MM,356,NaN,NaN
NWT,sdl,2013,7/26/13,4,A,MM,162,NaN,NaN
NWT,sdl,2013,7/26/13,4,B,MM,136,NaN,NaN
NWT,sdl,2013,7/26/13,8,A,MM,197,NaN,NaN
NWT,sdl,2013,7/26/13,8,B,MM,138,NaN,NaN
NWT,sdl,2013,7/26/13,17,A,MM,137,NaN,NaN
NWT,sdl,2013,7/26/13,17,B,MM,84,NaN,NaN
NWT,sdl,2013,7/26/13,26,A,MM,150,NaN,NaN
NWT,sdl,2013,7/26/13,26,B,MM,294,NaN,NaN
NWT,sdl,2013,7/26/13,27,A,MM,162,NaN,NaN
NWT,sdl,2013,7/26/13,27,B,MM,161,NaN,NaN
NWT,sdl,2013,7/26/13,49,A,MM,173,NaN,NaN
NWT,sdl,2013,7/26/13,49,B,MM,187,NaN,NaN
NWT,sdl,2013,7/26/13,60,A,MM,178,NaN,NaN
NWT,sdl,2013,7/26/13,60,B,MM,178,NaN,NaN
NWT,sdl,2013,7/26/13,79,A,MM,50,NaN,NaN
NWT,sdl,2013,7/26/13,79,B,MM,103,NaN,NaN
NWT,sdl,2013,7/26/13,80,A,MM,118,NaN,NaN
NWT,sdl,2013,7/26/13,80,B,MM,118,NaN,NaN
NWT,sdl,2013,7/30/13,22,A,MM,264,NaN,NaN
NWT,sdl,2013,7/30/13,22,B,MM,225,NaN,NaN
NWT,sdl,2013,7/30/13,25,A,MM,137,NaN,NaN
NWT,sdl,2013,7/30/13,25,B,MM,190,NaN,NaN
NWT,sdl,2013,7/30/13,36,A,MM,151,NaN,NaN
NWT,sdl,2013,7/30/13,36,B,MM,139,NaN,NaN
NWT,sdl,2013,7/30/13,43,A,MM,79,NaN,NaN
NWT,sdl,2013,7/30/13,43,B,MM,101,NaN,NaN
NWT,sdl,2013,7/30/13,44,A,MM,153,NaN,NaN
NWT,sdl,2013,7/30/13,44,B,MM,194,NaN,NaN
NWT,sdl,2013,7/30/13,46,A,MM,216,NaN,NaN
NWT,sdl,2013,7/30/13,46,B,MM,140,NaN,NaN
NWT,sdl,2013,7/30/13,52,A,MM,369,NaN,NaN
NWT,sdl,2013,7/30/13,52,B,MM,405,NaN,NaN
NWT,sdl,2013,7/30/13,53,A,MM,75,NaN,NaN
NWT,sdl,2013,7/30/13,53,B,MM,90,NaN,NaN
NWT,sdl,2013,7/30/13,67,A,MM,373,NaN,NaN
NWT,sdl,2013,7/30/13,67,B,MM,382,NaN,NaN
NWT,sdl,2013,7/31/13,47,A,WM,193,NaN,NaN
NWT,sdl,2013,7/31/13,47,B,WM,179,NaN,NaN
NWT,sdl,2013,7/31/13,61,A,MM,199,NaN,NaN
NWT,sdl,2013,7/31/13,61,B,MM,159,NaN,NaN
NWT,sdl,2013,7/31/13,62,A,SB,127,NaN,NaN
NWT,sdl,2013,7/31/13,62,B,SB,109,NaN,NaN
NWT,sdl,2013,7/31/13,64,A,MM,200,NaN,NaN
NWT,sdl,2013,7/31/13,64,B,MM,176,NaN,NaN
NWT,sdl,2013,7/31/13,72,A,MM,229,NaN,NaN
NWT,sdl,2013,7/31/13,72,B,MM,224,NaN,NaN
NWT,sdl,2013,7/31/13,73,A,MM,223,NaN,NaN
NWT,sdl,2013,7/31/13,73,B,MM,250,NaN,NaN
NWT,sdl,2013,7/31/13,74,A,MM,115,NaN,NaN
NWT,sdl,2013,7/31/13,74,B,MM,110,NaN,NaN
NWT,sdl,2013,7/31/13,75,A,MM,45,NaN,NaN
NWT,sdl,2013,7/31/13,75,B,MM,79,NaN,NaN
NWT,sdl,2013,8/1/13,7,A,WM,220,NaN,NaN
NWT,sdl,2013,8/1/13,7,B,WM,277,NaN,NaN
NWT,sdl,2013,8/1/13,11,A,SB,71,NaN,NaN
NWT,sdl,2013,8/1/13,11,B,SB,54,NaN,NaN
NWT,sdl,2013,8/1/13,12,A,SB,162,NaN,NaN
NWT,sdl,2013,8/1/13,12,B,SB,106,NaN,NaN
NWT,sdl,2013,8/1/13,21,A,SB,65,NaN,NaN
NWT,sdl,2013,8/1/13,21,B,SB,116,NaN,NaN
NWT,sdl,2013,8/1/13,31,A,SB,147,NaN,NaN
NWT,sdl,2013,8/1/13,31,B,SB,186,NaN,NaN
NWT,sdl,2013,8/1/13,32,A,SB,141,NaN,NaN
NWT,sdl,2013,8/1/13,32,B,SB,62,NaN,NaN
NWT,sdl,2013,8/1/13,33,A,SB,172,NaN,NaN
NWT,sdl,2013,8/1/13,33,B,SB,210,NaN,NaN
NWT,sdl,2013,8/1/13,34,A,SB,74,NaN,NaN
NWT,sdl,2013,8/1/13,34,B,SB,129,NaN,NaN
NWT,sdl,2013,8/1/13,35,A,SB,118,NaN,NaN
NWT,sdl,2013,8/1/13,35,B,SB,141,NaN,NaN
NWT,sdl,2013,8/1/13,45,A,SB,80,NaN,NaN
NWT,sdl,2013,8/1/13,45,B,SB,88,NaN,NaN
NWT,sdl,2013,8/1/13,54,A,SB,125,NaN,NaN
NWT,sdl,2013,8/1/13,54,B,SB,76,NaN,NaN
NWT,sdl,2013,8/1/13,57,A,WM,178,NaN,NaN
NWT,sdl,2013,8/1/13,57,B,WM,198,NaN,NaN
NWT,sdl,2013,8/8/13,5,A,SB,150,NaN,NaN
NWT,sdl,2013,8/8/13,5,B,SB,210,NaN,NaN
NWT,sdl,2013,8/8/13,6,A,SB,145,NaN,NaN
NWT,sdl,2013,8/8/13,6,B,SB,128,NaN,NaN
NWT,sdl,2013,8/8/13,14,A,SB,226,NaN,NaN
NWT,sdl,2013,8/8/13,14,B,SB,78,NaN,NaN
NWT,sdl,2013,8/8/13,15,A,SB,138,NaN,NaN
NWT,sdl,2013,8/8/13,15,B,SB,79,NaN,NaN
NWT,sdl,2013,8/8/13,16,A,SB,165,NaN,NaN
NWT,sdl,2013,8/8/13,16,B,SB,160,NaN,NaN
NWT,sdl,2013,8/8/13,23,A,SB,107,NaN,NaN
NWT,sdl,2013,8/8/13,23,B,SB,66,NaN,NaN
NWT,sdl,2013,8/8/13,24,A,SB,167,NaN,NaN
NWT,sdl,2013,8/8/13,24,B,SB,103,NaN,NaN
NWT,sdl,2013,8/8/13,28,A,SF,157,NaN,NaN
NWT,sdl,2013,8/8/13,28,B,SF,246,NaN,NaN
NWT,sdl,2013,8/8/13,38,A,SF,275,NaN,NaN
NWT,sdl,2013,8/8/13,38,B,SF,296,NaN,NaN
NWT,sdl,2013,8/15/13,37,A,ST,312,NaN,NaN
NWT,sdl,2013,8/15/13,37,B,ST,225,NaN,NaN
NWT,sdl,2013,8/15/13,55,A,SB,222,NaN,NaN
NWT,sdl,2013,8/15/13,55,B,SB,187,NaN,NaN
NWT,sdl,2013,8/15/13,56,A,SB,150,NaN,NaN
NWT,sdl,2013,8/15/13,56,B,SB,148,NaN,NaN
NWT,sdl,2013,8/15/13,65,A,SB,63,NaN,NaN
NWT,sdl,2013,8/15/13,65,B,SB,124,NaN,NaN
NWT,sdl,2013,8/15/13,66,A,SB,57,NaN,NaN
NWT,sdl,2013,8/15/13,66,B,SB,73,NaN,NaN
NWT,sdl,2013,8/15/13,68,A,WM,128,NaN,NaN
NWT,sdl,2013,8/15/13,68,B,WM,140,NaN,NaN
NWT,sdl,2013,8/15/13,76,A,SB,417,NaN,NaN
NWT,sdl,2013,8/15/13,76,B,SB,71,NaN,NaN
NWT,sdl,2013,8/15/13,77,A,WM,198,NaN,NaN
NWT,sdl,2013,8/15/13,77,B,WM,161,NaN,NaN
NWT,sdl,2014,7/14/14,9,A,DM,143,NaN,NaN
NWT,sdl,2014,7/14/14,9,B,DM,169,NaN,NaN
NWT,sdl,2014,7/14/14,10,A,FF,155,NaN,NaN
NWT,sdl,2014,7/14/14,10,B,FF,93,NaN,NaN
NWT,sdl,2014,7/14/14,18,A,DM,151,NaN,NaN
NWT,sdl,2014,7/14/14,18,B,DM,99,NaN,NaN
NWT,sdl,2014,7/14/14,19,A,FF,188,NaN,NaN
NWT,sdl,2014,7/14/14,19,B,FF,105,NaN,NaN
NWT,sdl,2014,7/14/14,20,A,FF,97,NaN,NaN
NWT,sdl,2014,7/14/14,20,B,FF,111,NaN,NaN
NWT,sdl,2014,7/14/14,30,A,DM,114,NaN,NaN
NWT,sdl,2014,7/14/14,30,B,DM,70,NaN,NaN
NWT,sdl,2014,7/14/14,39,A,DM,84,NaN,NaN
NWT,sdl,2014,7/14/14,39,B,DM,118,NaN,NaN
NWT,sdl,2014,7/14/14,50,B,DM,108,NaN,NaN
NWT,sdl,2014,7/14/14,59,A,DM,193,NaN,NaN
NWT,sdl,2014,7/14/14,70,A,DM,120,NaN,NaN
NWT,sdl,2014,7/14/14,70,B,DM,113,NaN,NaN
NWT,sdl,2014,7/14/14,101,A,FF,96,NaN,NaN
NWT,sdl,2014,7/14/14,101,B,FF,147,NaN,NaN
NWT,sdl,2014,7/14/14,201,A,FF,91,NaN,NaN
NWT,sdl,2014,7/14/14,201,B,FF,106,NaN,NaN
NWT,sdl,2014,7/15/14,29,A,FF,127,NaN,NaN
NWT,sdl,2014,7/15/14,29,B,FF,90,NaN,NaN
NWT,sdl,2014,7/15/14,40,A,DM,120,NaN,NaN
NWT,sdl,2014,7/15/14,40,B,DM,143,NaN,NaN
NWT,sdl,2014,7/15/14,48,A,DM,170,NaN,NaN
NWT,sdl,2014,7/15/14,48,B,DM,107,NaN,NaN
NWT,sdl,2014,7/15/14,401,A,DM,73,NaN,NaN
NWT,sdl,2014,7/15/14,401,B,DM,95,NaN,NaN
NWT,sdl,2014,7/16/14,8,A,MM,165,NaN,NaN
NWT,sdl,2014,7/16/14,8,B,MM,141,NaN,NaN
NWT,sdl,2014,7/16/14,50,A,DM,84,NaN,NaN
NWT,sdl,2014,7/16/14,58,A,FF,162,NaN,NaN
NWT,sdl,2014,7/16/14,58,B,FF,103,NaN,NaN
NWT,sdl,2014,7/16/14,59,B,DM,131,NaN,NaN
NWT,sdl,2014,7/16/14,60,A,MM,397,NaN,NaN
NWT,sdl,2014,7/16/14,60,B,MM,151,NaN,NaN
NWT,sdl,2014,7/16/14,67,A,MM,352,NaN,NaN
NWT,sdl,2014,7/16/14,69,A,DM,142,NaN,NaN
NWT,sdl,2014,7/16/14,69,B,DM,158,NaN,NaN
NWT,sdl,2014,7/16/14,78,A,DM,120,NaN,NaN
NWT,sdl,2014,7/16/14,78,B,DM,164,NaN,NaN
NWT,sdl,2014,7/16/14,79,A,MM,180,NaN,NaN
NWT,sdl,2014,7/16/14,79,B,MM,87,NaN,NaN
NWT,sdl,2014,7/16/14,80,A,MM,156,NaN,NaN
NWT,sdl,2014,7/16/14,80,B,MM,79,NaN,NaN
NWT,sdl,2014,7/16/14,501,A,DM,217,NaN,NaN
NWT,sdl,2014,7/16/14,501,B,DM,263,NaN,NaN
NWT,sdl,2014,7/16/14,601,A,DM,168,NaN,NaN
NWT,sdl,2014,7/16/14,601,B,DM,191,NaN,NaN
NWT,sdl,2014,7/16/14,701,A,DM,106,NaN,NaN
NWT,sdl,2014,7/16/14,701,B,DM,175,NaN,NaN
NWT,sdl,2014,7/16/14,801,A,DM,202,NaN,NaN
NWT,sdl,2014,7/16/14,801,B,DM,128,NaN,NaN
NWT,sdl,2014,7/17/14,27,A,MM,241,NaN,NaN
NWT,sdl,2014,7/17/14,27,B,MM,202,NaN,NaN
NWT,sdl,2014,7/17/14,49,A,MM,162,NaN,NaN
NWT,sdl,2014,7/17/14,49,B,MM,198,NaN,NaN
NWT,sdl,2014,7/17/14,67,B,MM,312,NaN,NaN
NWT,sdl,2014,7/23/14,17,A,MM,147,NaN,NaN
NWT,sdl,2014,7/23/14,17,B,MM,142,NaN,NaN
NWT,sdl,2014,7/23/14,25,A,MM,170,NaN,NaN
NWT,sdl,2014,7/23/14,25,B,MM,114,NaN,NaN
NWT,sdl,2014,7/23/14,26,A,MM,297,NaN,NaN
NWT,sdl,2014,7/23/14,26,B,MM,275,NaN,NaN
NWT,sdl,2014,7/23/14,36,A,MM,169,NaN,NaN
NWT,sdl,2014,7/23/14,36,B,MM,220,NaN,NaN
NWT,sdl,2014,7/23/14,37,A,ST,180,NaN,NaN
NWT,sdl,2014,7/23/14,37,B,ST,299,NaN,NaN
NWT,sdl,2014,7/23/14,52,A,MM,227,NaN,NaN
NWT,sdl,2014,7/23/14,52,B,MM,364,NaN,NaN
NWT,sdl,2014,7/23/14,72,A,MM,289,NaN,NaN
NWT,sdl,2014,7/23/14,72,B,MM,348,NaN,NaN
NWT,sdl,2014,7/25/14,3,A,MM,392,NaN,NaN
NWT,sdl,2014,7/25/14,3,B,MM,322,NaN,NaN
NWT,sdl,2014,7/25/14,6,A,SB,250,NaN,NaN
NWT,sdl,2014,7/25/14,6,B,SB,116,NaN,NaN
NWT,sdl,2014,7/25/14,28,A,SF,223,NaN,NaN
NWT,sdl,2014,7/25/14,28,B,SF,122,NaN,NaN
NWT,sdl,2014,8/1/14,7,A,WM,371,NaN,NaN
NWT,sdl,2014,8/1/14,38,A,SF,322,NaN,NaN
NWT,sdl,2014,8/1/14,38,B,SF,285,NaN,NaN
NWT,sdl,2014,8/1/14,47,A,WM,237,NaN,NaN
NWT,sdl,2014,8/1/14,47,B,WM,259,NaN,NaN
NWT,sdl,2014,8/1/14,57,A,WM,218,NaN,NaN
NWT,sdl,2014,8/1/14,57,B,WM,243,NaN,NaN
NWT,sdl,2014,8/1/14,68,A,WM,109,NaN,NaN
NWT,sdl,2014,8/1/14,68,B,WM,139,NaN,NaN
NWT,sdl,2014,8/1/14,77,A,WM,231,NaN,NaN
NWT,sdl,2014,8/1/14,77,B,WM,178,NaN,NaN
NWT,sdl,2014,8/6/14,2,A,MM,197,NaN,NaN
NWT,sdl,2014,8/6/14,2,B,MM,171,NaN,NaN
NWT,sdl,2014,8/6/14,4,A,MM,150,NaN,NaN
NWT,sdl,2014,8/6/14,4,B,MM,188,NaN,NaN
NWT,sdl,2014,8/6/14,5,A,SB,181,NaN,NaN
NWT,sdl,2014,8/6/14,5,B,SB,174,NaN,NaN
NWT,sdl,2014,8/6/14,7,B,WM,196,NaN,NaN
NWT,sdl,2014,8/6/14,11,A,SB,166,NaN,NaN
NWT,sdl,2014,8/6/14,11,B,SB,156,NaN,NaN
NWT,sdl,2014,8/6/14,12,A,SB,74,NaN,NaN
NWT,sdl,2014,8/6/14,12,B,SB,88,NaN,NaN
NWT,sdl,2014,8/6/14,14,A,SB,115,NaN,NaN
NWT,sdl,2014,8/6/14,14,B,SB,85,NaN,NaN
NWT,sdl,2014,8/6/14,15,A,SB,249,NaN,NaN
NWT,sdl,2014,8/6/14,15,B,SB,281,NaN,NaN
NWT,sdl,2014,8/6/14,16,A,SB,180,NaN,NaN
NWT,sdl,2014,8/6/14,16,B,SB,193,NaN,NaN
NWT,sdl,2014,8/6/14,21,A,SB,216,NaN,NaN
NWT,sdl,2014,8/6/14,21,B,SB,70,NaN,NaN
NWT,sdl,2014,8/6/14,22,A,MM,277,NaN,NaN
NWT,sdl,2014,8/6/14,22,B,MM,114,NaN,NaN
NWT,sdl,2014,8/6/14,23,A,SB,64,NaN,NaN
NWT,sdl,2014,8/6/14,23,B,SB,85,NaN,NaN
NWT,sdl,2014,8/6/14,24,A,SB,137,NaN,NaN
NWT,sdl,2014,8/6/14,24,B,SB,143,NaN,NaN
NWT,sdl,2014,8/7/14,31,A,SB,232,NaN,NaN
NWT,sdl,2014,8/7/14,31,B,SB,160,NaN,NaN
NWT,sdl,2014,8/7/14,32,A,SB,99,NaN,NaN
NWT,sdl,2014,8/7/14,32,B,SB,49,NaN,NaN
NWT,sdl,2014,8/7/14,33,A,SB,88,NaN,NaN
NWT,sdl,2014,8/7/14,33,B,SB,85,NaN,NaN
NWT,sdl,2014,8/7/14,34,A,SB,89,NaN,NaN
NWT,sdl,2014,8/7/14,34,B,SB,87,NaN,NaN
NWT,sdl,2014,8/7/14,35,A,SB,111,NaN,NaN
NWT,sdl,2014,8/7/14,35,B,SB,89,NaN,NaN
NWT,sdl,2014,8/7/14,46,A,MM,217,NaN,NaN
NWT,sdl,2014,8/7/14,46,B,MM,209,NaN,NaN
NWT,sdl,2014,8/7/14,51,A,FF,172,NaN,NaN
NWT,sdl,2014,8/7/14,51,B,FF,145,NaN,NaN
NWT,sdl,2014,8/7/14,61,A,MM,410,NaN,NaN
NWT,sdl,2014,8/7/14,61,B,MM,268,NaN,NaN
NWT,sdl,2014,8/7/14,62,A,SB,203,NaN,NaN
NWT,sdl,2014,8/7/14,62,B,SB,186,NaN,NaN
NWT,sdl,2014,8/7/14,73,A,MM,208,NaN,NaN
NWT,sdl,2014,8/7/14,73,B,MM,237,NaN,NaN
NWT,sdl,2014,8/7/14,75,A,MM,74,NaN,NaN
NWT,sdl,2014,8/7/14,75,B,MM,19,NaN,NaN
NWT,sdl,2014,8/7/14,76,A,SB,316,NaN,NaN
NWT,sdl,2014,8/7/14,76,B,SB,93,NaN,NaN
NWT,sdl,2014,8/8/14,43,A,MM,101,NaN,NaN
NWT,sdl,2014,8/8/14,43,B,MM,129,NaN,NaN
NWT,sdl,2014,8/8/14,44,A,MM,151,NaN,NaN
NWT,sdl,2014,8/8/14,44,B,MM,125,NaN,NaN
NWT,sdl,2014,8/8/14,45,A,SB,73,NaN,NaN
NWT,sdl,2014,8/8/14,45,B,SB,48,NaN,NaN
NWT,sdl,2014,8/8/14,53,A,MM,141,NaN,NaN
NWT,sdl,2014,8/8/14,53,B,MM,202,NaN,NaN
NWT,sdl,2014,8/8/14,54,A,SB,103,NaN,NaN
NWT,sdl,2014,8/8/14,54,B,SB,59,NaN,NaN
NWT,sdl,2014,8/8/14,64,A,MM,252,NaN,NaN
NWT,sdl,2014,8/8/14,64,B,MM,190,NaN,NaN
NWT,sdl,2014,8/13/14,55,A,SB,47,NaN,NaN
NWT,sdl,2014,8/13/14,55,B,SB,31,NaN,NaN
NWT,sdl,2014,8/13/14,56,A,SB,38,NaN,NaN
NWT,sdl,2014,8/13/14,56,B,SB,38,NaN,NaN
NWT,sdl,2014,8/13/14,65,A,SB,34,NaN,NaN
NWT,sdl,2014,8/13/14,65,B,SB,52,NaN,NaN
NWT,sdl,2014,8/13/14,66,A,SB,75,NaN,NaN
NWT,sdl,2014,8/13/14,66,B,SB,56,NaN,NaN
NWT,sdl,2014,8/13/14,74,A,MM,65,NaN,NaN
NWT,sdl,2014,8/13/14,74,B,MM,115,NaN,NaN
NWT,sdl,2015,7/13/15,10,A,FF,212,NaN,NaN
NWT,sdl,2015,7/13/15,10,B,FF,111,NaN,NaN
NWT,sdl,2015,7/13/15,101,A,FF,98,NaN,NaN
NWT,sdl,2015,7/13/15,101,B,FF,108,NaN,NaN
NWT,sdl,2015,7/13/15,201,A,FF,194,NaN,NaN
NWT,sdl,2015,7/13/15,201,B,FF,161,NaN,NaN
NWT,sdl,2015,7/17/15,19,A,FF,222,NaN,NaN
NWT,sdl,2015,7/17/15,19,B,FF,220,NaN,NaN
NWT,sdl,2015,7/17/15,20,A,FF,133,NaN,NaN
NWT,sdl,2015,7/17/15,20,B,FF,109,NaN,NaN
NWT,sdl,2015,7/20/15,29,A,FF,169,NaN,NaN
NWT,sdl,2015,7/20/15,29,B,FF,199,NaN,NaN
NWT,sdl,2015,7/20/15,30,A,DM,136,NaN,NaN
NWT,sdl,2015,7/20/15,30,B,DM,103,NaN,NaN
NWT,sdl,2015,7/24/15,9,A,DM,134,NaN,NaN
NWT,sdl,2015,7/24/15,9,B,DM,199,NaN,NaN
NWT,sdl,2015,7/24/15,39,A,DM,159,NaN,NaN
NWT,sdl,2015,7/24/15,39,B,DM,254,NaN,NaN
NWT,sdl,2015,7/24/15,40,A,DM,160,NaN,NaN
NWT,sdl,2015,7/24/15,40,B,DM,196,NaN,NaN
NWT,sdl,2015,7/24/15,401,A,DM,136,NaN,NaN
NWT,sdl,2015,7/24/15,401,B,DM,93,NaN,NaN
NWT,sdl,2015,7/25/15,18,A,DM,243,NaN,NaN
NWT,sdl,2015,7/25/15,501,A,DM,160,NaN,NaN
NWT,sdl,2015,7/25/15,501,B,DM,137,NaN,NaN
NWT,sdl,2015,7/29/15,18,B,DM,166,NaN,NaN
NWT,sdl,2015,7/29/15,50,A,DM,113,NaN,NaN
NWT,sdl,2015,7/29/15,50,B,DM,80,NaN,NaN
NWT,sdl,2015,7/29/15,59,A,DM,206,NaN,NaN
NWT,sdl,2015,7/29/15,59,B,DM,210,NaN,NaN
NWT,sdl,2015,7/29/15,601,A,DM,172,NaN,NaN
NWT,sdl,2015,7/29/15,601,B,DM,343,NaN,NaN
NWT,sdl,2015,7/31/15,60,A,MM,275,NaN,NaN
NWT,sdl,2015,7/31/15,60,B,MM,126,NaN,NaN
NWT,sdl,2015,7/31/15,70,A,DM,143,NaN,NaN
NWT,sdl,2015,7/31/15,70,B,DM,128,NaN,NaN
NWT,sdl,2015,7/31/15,80,A,MM,169,NaN,NaN
NWT,sdl,2015,7/31/15,80,B,MM,214,NaN,NaN
NWT,sdl,2015,7/31/15,701,A,DM,213,NaN,NaN
NWT,sdl,2015,7/31/15,701,B,DM,211,NaN,NaN
NWT,sdl,2015,7/31/15,801,A,DM,250,NaN,NaN
NWT,sdl,2015,7/31/15,801,B,DM,180,NaN,NaN
NWT,sdl,2015,8/3/15,69,A,DM,126,NaN,NaN
NWT,sdl,2015,8/3/15,69,B,DM,152,NaN,NaN
NWT,sdl,2015,8/3/15,79,A,MM,205,NaN,NaN
NWT,sdl,2015,8/3/15,79,B,MM,96,NaN,NaN
NWT,sdl,2015,8/4/15,38,A,SF,376,NaN,NaN
NWT,sdl,2015,8/4/15,38,B,SF,291,NaN,NaN
NWT,sdl,2015,8/4/15,48,A,DM,323,NaN,NaN
NWT,sdl,2015,8/4/15,48,B,DM,193,NaN,NaN
NWT,sdl,2015,8/4/15,49,A,MM,210,NaN,NaN
NWT,sdl,2015,8/4/15,49,B,MM,207,NaN,NaN
NWT,sdl,2015,8/4/15,58,A,FF,219,NaN,NaN
NWT,sdl,2015,8/4/15,58,B,FF,171,NaN,NaN
NWT,sdl,2015,8/4/15,78,A,DM,122,NaN,NaN
NWT,sdl,2015,8/4/15,78,B,DM,159,NaN,NaN
NWT,sdl,2015,8/5/15,4,A,MM,119,NaN,NaN
NWT,sdl,2015,8/5/15,4,B,MM,172,NaN,NaN
NWT,sdl,2015,8/5/15,8,A,MM,332,NaN,NaN
NWT,sdl,2015,8/5/15,8,B,MM,279,NaN,NaN
NWT,sdl,2015,8/5/15,17,A,MM,171,NaN,NaN
NWT,sdl,2015,8/5/15,17,B,MM,182,NaN,NaN
NWT,sdl,2015,8/5/15,25,A,MM,167,NaN,NaN
NWT,sdl,2015,8/5/15,25,B,MM,102,NaN,NaN
NWT,sdl,2015,8/5/15,26,A,MM,258,NaN,NaN
NWT,sdl,2015,8/5/15,26,B,MM,229,NaN,NaN
NWT,sdl,2015,8/5/15,27,A,MM,267,NaN,NaN
NWT,sdl,2015,8/5/15,27,B,MM,217,NaN,NaN
NWT,sdl,2015,8/5/15,28,A,SF,247,NaN,NaN
NWT,sdl,2015,8/5/15,28,B,SF,319,NaN,NaN
NWT,sdl,2015,8/5/15,36,A,MM,207,NaN,NaN
NWT,sdl,2015,8/5/15,36,B,MM,247,NaN,NaN
NWT,sdl,2015,8/5/15,43,A,MM,76,NaN,NaN
NWT,sdl,2015,8/5/15,43,B,MM,90,NaN,NaN
NWT,sdl,2015,8/5/15,44,A,MM,95,NaN,NaN
NWT,sdl,2015,8/5/15,44,B,MM,162,NaN,NaN
NWT,sdl,2015,8/5/15,46,A,MM,181,NaN,NaN
NWT,sdl,2015,8/5/15,46,B,MM,119,NaN,NaN
NWT,sdl,2015,8/5/15,67,A,MM,358,NaN,NaN
NWT,sdl,2015,8/5/15,67,B,MM,407,NaN,NaN
NWT,sdl,2015,8/7/15,52,A,MM,319,NaN,NaN
NWT,sdl,2015,8/7/15,52,B,MM,287,NaN,NaN
NWT,sdl,2015,8/10/15,2,A,MM,250,NaN,NaN
NWT,sdl,2015,8/10/15,2,B,MM,212,NaN,NaN
NWT,sdl,2015,8/10/15,3,A,MM,540,NaN,NaN
NWT,sdl,2015,8/10/15,3,B,MM,155,NaN,NaN
NWT,sdl,2015,8/10/15,5,A,SB,169,NaN,NaN
NWT,sdl,2015,8/10/15,5,B,SB,147,NaN,NaN
NWT,sdl,2015,8/10/15,6,A,SB,121,NaN,NaN
NWT,sdl,2015,8/10/15,6,B,SB,122,NaN,NaN
NWT,sdl,2015,8/10/15,53,A,MM,182,NaN,NaN
NWT,sdl,2015,8/10/15,53,B,MM,118,NaN,NaN
NWT,sdl,2015,8/11/15,12,A,SB,148,NaN,NaN
NWT,sdl,2015,8/11/15,12,B,SB,115,NaN,NaN
NWT,sdl,2015,8/11/15,14,A,SB,44,NaN,NaN
NWT,sdl,2015,8/11/15,14,B,SB,111,NaN,NaN
NWT,sdl,2015,8/11/15,15,A,SB,130,NaN,NaN
NWT,sdl,2015,8/11/15,15,B,SB,73,NaN,NaN
NWT,sdl,2015,8/11/15,16,B,SB,145,NaN,NaN
NWT,sdl,2015,8/12/15,22,A,MM,150,NaN,NaN
NWT,sdl,2015,8/12/15,22,B,MM,152,NaN,NaN
NWT,sdl,2015,8/12/15,23,A,SB,85,NaN,NaN
NWT,sdl,2015,8/12/15,23,B,SB,70,NaN,NaN
NWT,sdl,2015,8/12/15,24,A,SB,72,NaN,NaN
NWT,sdl,2015,8/12/15,24,B,SB,72,NaN,NaN
NWT,sdl,2015,8/12/15,33,A,SB,100,NaN,NaN
NWT,sdl,2015,8/12/15,33,B,SB,105,NaN,NaN
NWT,sdl,2015,8/13/15,11,A,SB,167,NaN,NaN
NWT,sdl,2015,8/13/15,11,B,SB,91,NaN,NaN
NWT,sdl,2015,8/13/15,32,A,SB,96,NaN,NaN
NWT,sdl,2015,8/13/15,32,B,SB,40,NaN,NaN
NWT,sdl,2015,8/13/15,34,A,SB,113,NaN,NaN
NWT,sdl,2015,8/13/15,34,B,SB,133,NaN,NaN
NWT,sdl,2015,8/13/15,35,B,SB,123,NaN,NaN
NWT,sdl,2015,8/13/15,64,B,MM,215,NaN,NaN
NWT,sdl,2015,8/16/15,16,A,SB,192,NaN,NaN
NWT,sdl,2015,8/16/15,35,A,SB,135,NaN,NaN
NWT,sdl,2015,8/16/15,64,A,MM,130,NaN,NaN
NWT,sdl,2015,8/19/15,21,A,SB,94,NaN,NaN
NWT,sdl,2015,8/19/15,21,B,SB,106,NaN,NaN
NWT,sdl,2015,8/19/15,72,A,MM,242,NaN,NaN
NWT,sdl,2015,8/19/15,72,B,MM,50,NaN,NaN
NWT,sdl,2015,8/19/15,73,A,MM,184,NaN,NaN
NWT,sdl,2015,8/19/15,73,B,MM,98,NaN,NaN
NWT,sdl,2015,8/22/15,7,A,WM,176,NaN,NaN
NWT,sdl,2015,8/22/15,7,B,WM,208,NaN,NaN
NWT,sdl,2015,8/22/15,45,A,SB,78,NaN,NaN
NWT,sdl,2015,8/22/15,45,B,SB,38,NaN,NaN
NWT,sdl,2015,8/22/15,54,A,SB,130,NaN,NaN
NWT,sdl,2015,8/22/15,55,A,SB,53,NaN,NaN
NWT,sdl,2015,8/22/15,55,B,SB,65,NaN,NaN
NWT,sdl,2015,8/22/15,57,A,WM,174,NaN,NaN
NWT,sdl,2015,8/22/15,57,B,WM,283,NaN,NaN
NWT,sdl,2015,8/25/15,47,A,WM,325,NaN,NaN
NWT,sdl,2015,8/25/15,47,B,WM,279,NaN,NaN
NWT,sdl,2015,8/25/15,61,A,MM,322,NaN,NaN
NWT,sdl,2015,8/25/15,61,B,MM,315,NaN,NaN
NWT,sdl,2015,8/25/15,62,A,SB,72,NaN,NaN
NWT,sdl,2015,8/25/15,62,B,SB,40,NaN,NaN
NWT,sdl,2015,8/25/15,74,A,MM,98,NaN,NaN
NWT,sdl,2015,8/25/15,74,B,MM,139,NaN,NaN
NWT,sdl,2015,8/25/15,75,A,MM,49,NaN,NaN
NWT,sdl,2015,8/25/15,75,B,MM,91,NaN,NaN
NWT,sdl,2015,8/25/15,76,A,SB,542,NaN,NaN
NWT,sdl,2015,8/25/15,76,B,SB,419,NaN,NaN
NWT,sdl,2015,8/25/15,77,A,WM,212,NaN,NaN
NWT,sdl,2015,8/25/15,77,B,WM,298,NaN,NaN
NWT,sdl,2015,8/26/15,31,A,SB,156,NaN,NaN
NWT,sdl,2015,8/26/15,31,B,SB,206,NaN,NaN
NWT,sdl,2015,8/26/15,37,A,ST,279,NaN,NaN
NWT,sdl,2015,8/26/15,37,B,ST,361,NaN,NaN
NWT,sdl,2015,8/26/15,51,A,FF,145,NaN,NaN
NWT,sdl,2015,8/26/15,51,B,FF,51,NaN,NaN
NWT,sdl,2015,8/26/15,54,B,SB,80,NaN,NaN
NWT,sdl,2015,8/26/15,56,A,SB,123,NaN,NaN
NWT,sdl,2015,8/26/15,56,B,SB,98,NaN,NaN
NWT,sdl,2015,8/26/15,65,A,SB,56,NaN,NaN
NWT,sdl,2015,8/26/15,65,B,SB,50,NaN,NaN
NWT,sdl,2015,8/26/15,66,A,SB,146,NaN,NaN
NWT,sdl,2015,8/26/15,66,B,SB,79,NaN,NaN
NWT,sdl,2015,8/26/15,68,A,WM,142,NaN,NaN
NWT,sdl,2015,8/26/15,68,B,WM,67,NaN,NaN
NWT,sdl,2016,7/6/16,19,A,FF,185,NaN,NaN
NWT,sdl,2016,7/6/16,19,B,FF,142,NaN,NaN
NWT,sdl,2016,7/6/16,20,A,FF,121,NaN,NaN
NWT,sdl,2016,7/6/16,20,B,FF,80,NaN,NaN
NWT,sdl,2016,7/13/16,10,A,FF,210,NaN,NaN
NWT,sdl,2016,7/13/16,10,B,FF,64,NaN,NaN
NWT,sdl,2016,7/13/16,101,A,FF,87,NaN,NaN
NWT,sdl,2016,7/13/16,101,B,FF,79,NaN,NaN
NWT,sdl,2016,7/13/16,201,A,FF,56,NaN,NaN
NWT,sdl,2016,7/13/16,201,B,FF,110,NaN,NaN
NWT,sdl,2016,7/15/16,8,A,MM,250,NaN,NaN
NWT,sdl,2016,7/15/16,8,B,MM,172,NaN,NaN
NWT,sdl,2016,7/15/16,9,A,DM,164,NaN,NaN
NWT,sdl,2016,7/15/16,9,B,DM,218,NaN,NaN
NWT,sdl,2016,7/16/16,69,B,DM,181,NaN,NaN
NWT,sdl,2016,7/17/16,17,B,MM,213,NaN,NaN
NWT,sdl,2016,7/18/16,29,A,FF,199,NaN,NaN
NWT,sdl,2016,7/18/16,29,B,FF,416,NaN,NaN
NWT,sdl,2016,7/18/16,30,A,DM,243,NaN,NaN
NWT,sdl,2016,7/18/16,30,B,DM,140,NaN,NaN
NWT,sdl,2016,7/18/16,39,A,DM,201,NaN,NaN
NWT,sdl,2016,7/18/16,39,B,DM,94,NaN,NaN
NWT,sdl,2016,7/18/16,40,A,DM,200,NaN,NaN
NWT,sdl,2016,7/18/16,40,B,DM,236,NaN,NaN
NWT,sdl,2016,7/18/16,58,A,FF,115,NaN,NaN
NWT,sdl,2016,7/18/16,58,B,FF,101,NaN,NaN
NWT,sdl,2016,7/18/16,401,A,DM,164,NaN,NaN
NWT,sdl,2016,7/18/16,401,B,DM,103,NaN,NaN
NWT,sdl,2016,7/18/16,501,A,DM,255,NaN,NaN
NWT,sdl,2016,7/20/16,48,A,DM,99,NaN,NaN
NWT,sdl,2016,7/20/16,48,B,DM,145,NaN,NaN
NWT,sdl,2016,7/20/16,50,A,DM,133,NaN,NaN
NWT,sdl,2016,7/20/16,50,B,DM,101,NaN,NaN
NWT,sdl,2016,7/20/16,59,A,DM,204,NaN,NaN
NWT,sdl,2016,7/20/16,59,B,DM,122,NaN,NaN
NWT,sdl,2016,7/20/16,69,A,DM,144,NaN,NaN
NWT,sdl,2016,7/20/16,70,A,DM,222,NaN,NaN
NWT,sdl,2016,7/20/16,70,B,DM,156,NaN,NaN
NWT,sdl,2016,7/20/16,78,A,DM,211,NaN,NaN
NWT,sdl,2016,7/20/16,78,B,DM,260,NaN,NaN
NWT,sdl,2016,7/20/16,501,B,DM,200,NaN,NaN
NWT,sdl,2016,7/20/16,601,A,DM,242,NaN,NaN
NWT,sdl,2016,7/20/16,601,B,DM,175,NaN,NaN
NWT,sdl,2016,7/20/16,701,A,DM,106,NaN,NaN
NWT,sdl,2016,7/20/16,701,B,DM,222,NaN,NaN
NWT,sdl,2016,7/20/16,801,A,DM,110,NaN,NaN
NWT,sdl,2016,7/20/16,801,B,DM,148,NaN,NaN
NWT,sdl,2016,7/25/16,25,A,MM,192,NaN,NaN
NWT,sdl,2016,7/25/16,27,A,MM,141,NaN,NaN
NWT,sdl,2016,7/25/16,27,B,MM,198,NaN,NaN
NWT,sdl,2016,7/25/16,28,A,SF,143,NaN,NaN
NWT,sdl,2016,7/25/16,28,B,SF,124,NaN,NaN
NWT,sdl,2016,7/25/16,38,A,SF,437,NaN,NaN
NWT,sdl,2016,7/25/16,38,B,SF,273,NaN,NaN
NWT,sdl,2016,7/25/16,49,A,MM,276,NaN,NaN
NWT,sdl,2016,7/25/16,49,B,MM,230,NaN,NaN
NWT,sdl,2016,7/25/16,60,A,MM,333,NaN,NaN
NWT,sdl,2016,7/25/16,60,B,MM,246,NaN,NaN
NWT,sdl,2016,7/25/16,79,A,MM,118,NaN,NaN
NWT,sdl,2016,7/25/16,79,B,MM,110,NaN,NaN
NWT,sdl,2016,7/25/16,80,A,MM,122,NaN,NaN
NWT,sdl,2016,7/25/16,80,B,MM,52,NaN,NaN
NWT,sdl,2016,7/27/16,4,A,MM,209,NaN,NaN
NWT,sdl,2016,7/27/16,4,B,MM,163,NaN,NaN
NWT,sdl,2016,7/27/16,17,A,MM,161,NaN,NaN
NWT,sdl,2016,7/27/16,25,B,MM,294,NaN,NaN
NWT,sdl,2016,7/27/16,26,A,MM,217,NaN,NaN
NWT,sdl,2016,7/27/16,26,B,MM,232,NaN,NaN
NWT,sdl,2016,7/27/16,36,A,MM,249,NaN,NaN
NWT,sdl,2016,7/27/16,36,B,MM,180,NaN,NaN
NWT,sdl,2016,7/27/16,44,A,MM,222,NaN,NaN
NWT,sdl,2016,7/27/16,44,B,MM,73,NaN,NaN
NWT,sdl,2016,7/27/16,46,A,MM,170,NaN,NaN
NWT,sdl,2016,7/27/16,46,B,MM,151,NaN,NaN
NWT,sdl,2016,7/27/16,67,A,MM,383,NaN,NaN
NWT,sdl,2016,7/27/16,67,B,MM,403,NaN,NaN
NWT,sdl,2016,8/1/16,5,A,SB,174,NaN,NaN
NWT,sdl,2016,8/1/16,5,B,SB,218,NaN,NaN
NWT,sdl,2016,8/1/16,6,A,SB,144,NaN,NaN
NWT,sdl,2016,8/1/16,6,B,SB,88,NaN,NaN
NWT,sdl,2016,8/1/16,14,A,SB,186,NaN,NaN
NWT,sdl,2016,8/1/16,14,B,SB,163,NaN,NaN
NWT,sdl,2016,8/1/16,15,A,SB,109,NaN,NaN
NWT,sdl,2016,8/1/16,15,B,SB,119,NaN,NaN
NWT,sdl,2016,8/1/16,16,A,SB,216,NaN,NaN
NWT,sdl,2016,8/1/16,16,B,SB,116,NaN,NaN
NWT,sdl,2016,8/1/16,18,A,DM,232,NaN,NaN
NWT,sdl,2016,8/1/16,18,B,DM,173,NaN,NaN
NWT,sdl,2016,8/1/16,24,A,SB,134,NaN,NaN
NWT,sdl,2016,8/1/16,24,B,SB,100,NaN,NaN
NWT,sdl,2016,8/2/16,23,A,SB,65,NaN,NaN
NWT,sdl,2016,8/2/16,23,B,SB,58,NaN,NaN
NWT,sdl,2016,8/2/16,33,A,SB,127,NaN,NaN
NWT,sdl,2016,8/2/16,33,B,SB,47,NaN,NaN
NWT,sdl,2016,8/2/16,34,A,SB,76,NaN,NaN
NWT,sdl,2016,8/2/16,34,B,SB,44,NaN,NaN
NWT,sdl,2016,8/2/16,35,A,SB,97,NaN,NaN
NWT,sdl,2016,8/2/16,35,B,SB,96,NaN,NaN
NWT,sdl,2016,8/2/16,43,A,MM,89,NaN,NaN
NWT,sdl,2016,8/2/16,43,B,MM,49,NaN,NaN
NWT,sdl,2016,8/2/16,51,B,FF,67,NaN,NaN
NWT,sdl,2016,8/2/16,52,A,MM,312,NaN,NaN
NWT,sdl,2016,8/2/16,52,B,MM,390,NaN,NaN
NWT,sdl,2016,8/2/16,53,A,MM,193,NaN,NaN
NWT,sdl,2016,8/2/16,53,B,MM,139,NaN,NaN
NWT,sdl,2016,8/2/16,54,A,SB,216,NaN,NaN
NWT,sdl,2016,8/2/16,54,B,SB,90,NaN,NaN
NWT,sdl,2016,8/2/16,55,A,SB,51,NaN,NaN
NWT,sdl,2016,8/2/16,55,B,SB,47,NaN,NaN
NWT,sdl,2016,8/2/16,61,A,MM,234,NaN,NaN
NWT,sdl,2016,8/2/16,61,B,MM,191,NaN,NaN
NWT,sdl,2016,8/2/16,72,A,MM,200,NaN,NaN
NWT,sdl,2016,8/2/16,73,A,MM,271,NaN,NaN
NWT,sdl,2016,8/2/16,73,B,MM,146,NaN,NaN
NWT,sdl,2016,8/2/16,74,A,MM,112,NaN,NaN
NWT,sdl,2016,8/2/16,74,B,MM,76,NaN,NaN
NWT,sdl,2016,8/2/16,75,A,MM,102,NaN,NaN
NWT,sdl,2016,8/2/16,75,B,MM,47,NaN,NaN
NWT,sdl,2016,8/3/16,7,A,WM,251,NaN,NaN
NWT,sdl,2016,8/3/16,7,B,WM,288,NaN,NaN
NWT,sdl,2016,8/3/16,31,B,SB,107,NaN,NaN
NWT,sdl,2016,8/3/16,45,A,SB,106,NaN,NaN
NWT,sdl,2016,8/3/16,45,B,SB,98,NaN,NaN
NWT,sdl,2016,8/3/16,57,A,WM,186,NaN,NaN
NWT,sdl,2016,8/3/16,57,B,WM,248,NaN,NaN
NWT,sdl,2016,8/3/16,62,A,SB,82,NaN,NaN
NWT,sdl,2016,8/3/16,62,B,SB,68,NaN,NaN
NWT,sdl,2016,8/3/16,64,A,MM,204,NaN,NaN
NWT,sdl,2016,8/3/16,64,B,MM,165,NaN,NaN
NWT,sdl,2016,8/3/16,65,A,SB,25,NaN,NaN
NWT,sdl,2016,8/3/16,65,B,SB,33,NaN,NaN
NWT,sdl,2016,8/3/16,66,A,SB,114,NaN,NaN
NWT,sdl,2016,8/3/16,66,B,SB,134,NaN,NaN
NWT,sdl,2016,8/3/16,76,A,SB,334,NaN,NaN
NWT,sdl,2016,8/3/16,76,B,SB,178,NaN,NaN
NWT,sdl,2016,8/3/16,77,A,WM,222,NaN,NaN
NWT,sdl,2016,8/3/16,77,B,WM,261,NaN,NaN
NWT,sdl,2016,8/5/16,2,A,MM,259,NaN,NaN
NWT,sdl,2016,8/5/16,2,B,MM,258,NaN,NaN
NWT,sdl,2016,8/5/16,3,A,MM,280,NaN,NaN
NWT,sdl,2016,8/5/16,3,B,MM,321,NaN,NaN
NWT,sdl,2016,8/5/16,11,A,SB,63,NaN,NaN
NWT,sdl,2016,8/5/16,11,B,SB,73,NaN,NaN
NWT,sdl,2016,8/5/16,12,A,SB,117,NaN,NaN
NWT,sdl,2016,8/5/16,12,B,SB,81,NaN,NaN
NWT,sdl,2016,8/5/16,21,A,SB,55,NaN,NaN
NWT,sdl,2016,8/5/16,21,B,SB,79,NaN,NaN
NWT,sdl,2016,8/5/16,22,A,MM,112,NaN,NaN
NWT,sdl,2016,8/5/16,22,B,MM,132,NaN,NaN
NWT,sdl,2016,8/5/16,31,A,SB,117,NaN,NaN
NWT,sdl,2016,8/5/16,32,A,SB,149,NaN,NaN
NWT,sdl,2016,8/5/16,32,B,SB,51,NaN,NaN
NWT,sdl,2016,8/5/16,51,A,FF,212,NaN,NaN
NWT,sdl,2016,8/5/16,72,B,MM,194,NaN,NaN
NWT,sdl,2016,8/17/16,37,A,ST,290,NaN,NaN
NWT,sdl,2016,8/17/16,37,B,ST,176,NaN,NaN
NWT,sdl,2016,8/17/16,47,A,WM,294,NaN,NaN
NWT,sdl,2016,8/17/16,47,B,WM,223,NaN,NaN
NWT,sdl,2016,8/17/16,56,A,SB,145,NaN,NaN
NWT,sdl,2016,8/17/16,56,B,SB,133,NaN,NaN
NWT,sdl,2016,8/17/16,68,A,WM,201,NaN,NaN
NWT,sdl,2016,8/17/16,68,B,WM,160,NaN,NaN
NWT,sdl,2017,7/5/17,10,A,FF,113,NaN,NaN
NWT,sdl,2017,7/5/17,10,B,FF,61,NaN,NaN
NWT,sdl,2017,7/5/17,11,A,SB,52,NaN,NaN
NWT,sdl,2017,7/5/17,11,B,SB,87,NaN,NaN
NWT,sdl,2017,7/5/17,21,A,SB,99,NaN,NaN
NWT,sdl,2017,7/5/17,22,A,MM,152,NaN,NaN
NWT,sdl,2017,7/5/17,22,B,MM,116,NaN,NaN
NWT,sdl,2017,7/10/17,20,A,FF,131,NaN,NaN
NWT,sdl,2017,7/10/17,20,B,FF,49,NaN,NaN
NWT,sdl,2017,7/10/17,21,B,SB,227,NaN,NaN
NWT,sdl,2017,7/10/17,31,A,SB,216,NaN,NaN
NWT,sdl,2017,7/10/17,31,B,SB,129,NaN,NaN
NWT,sdl,2017,7/10/17,32,A,SB,67,NaN,NaN
NWT,sdl,2017,7/10/17,32,B,SB,66,NaN,NaN
NWT,sdl,2017,7/10/17,43,A,MM,78,NaN,NaN
NWT,sdl,2017,7/10/17,43,B,MM,51,NaN,NaN
NWT,sdl,2017,7/10/17,44,A,MM,186,NaN,NaN
NWT,sdl,2017,7/10/17,44,B,MM,89,NaN,NaN
NWT,sdl,2017,7/10/17,51,A,FF,162,NaN,NaN
NWT,sdl,2017,7/10/17,51,B,FF,124,NaN,NaN
NWT,sdl,2017,7/10/17,62,A,SB,139,NaN,NaN
NWT,sdl,2017,7/10/17,62,B,SB,98,NaN,NaN
NWT,sdl,2017,7/10/17,64,A,MM,165,NaN,NaN
NWT,sdl,2017,7/10/17,64,B,MM,162,NaN,NaN
NWT,sdl,2017,7/12/17,9,A,DM,111,NaN,NaN
NWT,sdl,2017,7/12/17,9,B,DM,105,NaN,NaN
NWT,sdl,2017,7/12/17,45,A,SB,105,NaN,NaN
NWT,sdl,2017,7/12/17,45,B,SB,96,NaN,NaN
NWT,sdl,2017,7/12/17,53,A,MM,143,NaN,NaN
NWT,sdl,2017,7/12/17,53,B,MM,79,NaN,NaN
NWT,sdl,2017,7/12/17,54,A,SB,83,NaN,NaN
NWT,sdl,2017,7/12/17,54,B,SB,78,NaN,NaN
NWT,sdl,2017,7/19/17,19,A,FF,120,NaN,NaN
NWT,sdl,2017,7/19/17,19,B,FF,57,NaN,NaN
NWT,sdl,2017,7/19/17,52,A,MM,483,NaN,NaN
NWT,sdl,2017,7/19/17,52,B,MM,385,NaN,NaN
NWT,sdl,2017,7/19/17,65,A,SB,32,NaN,NaN
NWT,sdl,2017,7/19/17,65,B,SB,10,NaN,NaN
NWT,sdl,2017,7/19/17,66,A,SB,37,NaN,NaN
NWT,sdl,2017,7/19/17,66,B,SB,28,NaN,NaN
NWT,sdl,2017,7/19/17,75,A,MM,50,NaN,NaN
NWT,sdl,2017,7/19/17,75,B,MM,24,NaN,NaN
NWT,sdl,2017,7/19/17,76,A,SB,86,NaN,NaN
NWT,sdl,2017,7/19/17,76,B,SB,73,NaN,NaN
NWT,sdl,2017,7/19/17,77,A,WM,182,NaN,NaN
NWT,sdl,2017,7/19/17,77,B,WM,141,NaN,NaN
NWT,sdl,2017,7/19/17,601,A,DM,173,NaN,NaN
NWT,sdl,2017,7/19/17,601,B,DM,197,NaN,NaN
NWT,sdl,2017,7/19/17,701,A,DM,82,NaN,NaN
NWT,sdl,2017,7/19/17,701,B,DM,83,NaN,NaN
NWT,sdl,2017,7/19/17,801,A,DM,147,NaN,NaN
NWT,sdl,2017,7/19/17,801,B,DM,155,NaN,NaN
NWT,sdl,2017,7/24/17,4,A,MM,185,NaN,NaN
NWT,sdl,2017,7/24/17,4,B,MM,150,NaN,NaN
NWT,sdl,2017,7/24/17,15,A,SB,71,NaN,NaN
NWT,sdl,2017,7/24/17,15,B,SB,129,NaN,NaN
NWT,sdl,2017,7/24/17,16,A,SB,228,NaN,NaN
NWT,sdl,2017,7/24/17,16,B,SB,144,NaN,NaN
NWT,sdl,2017,7/24/17,27,A,MM,186,NaN,NaN
NWT,sdl,2017,7/24/17,27,B,MM,141,NaN,NaN
NWT,sdl,2017,7/24/17,28,A,SF,172,NaN,NaN
NWT,sdl,2017,7/24/17,28,B,SF,204,NaN,NaN
NWT,sdl,2017,7/24/17,29,A,FF,140,NaN,NaN
NWT,sdl,2017,7/24/17,29,B,FF,124,NaN,NaN
NWT,sdl,2017,7/24/17,38,A,SF,346,NaN,NaN
NWT,sdl,2017,7/24/17,38,B,SF,253,NaN,NaN
NWT,sdl,2017,7/24/17,50,A,DM,111,NaN,NaN
NWT,sdl,2017,7/24/17,50,B,DM,91,NaN,NaN
NWT,sdl,2017,7/24/17,61,A,MM,290,NaN,NaN
NWT,sdl,2017,7/24/17,61,B,MM,213,NaN,NaN
NWT,sdl,2017,7/24/17,73,A,MM,137,NaN,NaN
NWT,sdl,2017,7/24/17,73,B,MM,78,NaN,NaN
NWT,sdl,2017,7/24/17,501,A,DM,120,NaN,NaN
NWT,sdl,2017,7/24/17,501,B,DM,150,NaN,NaN
NWT,sdl,2017,7/31/17,3,A,MM,370,NaN,NaN
NWT,sdl,2017,7/31/17,3,B,MM,414,NaN,NaN
NWT,sdl,2017,7/31/17,5,A,SB,130,NaN,NaN
NWT,sdl,2017,7/31/17,5,B,SB,188,NaN,NaN
NWT,sdl,2017,7/31/17,7,A,WM,248,NaN,NaN
NWT,sdl,2017,7/31/17,7,B,WM,226,NaN,NaN
NWT,sdl,2017,7/31/17,8,A,MM,216,NaN,NaN
NWT,sdl,2017,7/31/17,8,B,MM,163,NaN,NaN
NWT,sdl,2017,7/31/17,17,A,MM,190,NaN,NaN
NWT,sdl,2017,7/31/17,17,B,MM,152,NaN,NaN
NWT,sdl,2017,7/31/17,18,A,DM,232,NaN,NaN
NWT,sdl,2017,7/31/17,18,B,DM,113,NaN,NaN
NWT,sdl,2017,8/1/17,55,A,SB,29,NaN,NaN
NWT,sdl,2017,8/1/17,55,B,SB,32,NaN,NaN
NWT,sdl,2017,8/1/17,56,A,SB,81,NaN,NaN
NWT,sdl,2017,8/1/17,56,B,SB,59,NaN,NaN
NWT,sdl,2017,8/1/17,67,A,MM,309,NaN,NaN
NWT,sdl,2017,8/1/17,67,B,MM,235,NaN,NaN
NWT,sdl,2017,8/2/17,30,A,DM,100,NaN,NaN
NWT,sdl,2017,8/2/17,30,B,DM,84,NaN,NaN
NWT,sdl,2017,8/2/17,40,A,DM,92,NaN,NaN
NWT,sdl,2017,8/2/17,40,B,DM,135,NaN,NaN
NWT,sdl,2017,8/2/17,46,A,MM,163,NaN,NaN
NWT,sdl,2017,8/2/17,46,B,MM,184,NaN,NaN
NWT,sdl,2017,8/2/17,49,A,MM,197,NaN,NaN
NWT,sdl,2017,8/2/17,49,B,MM,152,NaN,NaN
NWT,sdl,2017,8/2/17,69,A,DM,176,NaN,NaN
NWT,sdl,2017,8/2/17,69,B,DM,136,NaN,NaN
NWT,sdl,2017,8/2/17,78,A,DM,268,NaN,NaN
NWT,sdl,2017,8/2/17,78,B,DM,160,NaN,NaN
NWT,sdl,2017,8/2/17,79,A,MM,256,NaN,NaN
NWT,sdl,2017,8/2/17,79,B,MM,125,NaN,NaN
NWT,sdl,2017,8/18/17,2,A,MM,221,NaN,NaN
NWT,sdl,2017,8/18/17,2,B,MM,261,NaN,NaN
NWT,sdl,2017,8/18/17,24,A,SB,204,NaN,NaN
NWT,sdl,2017,8/18/17,24,B,SB,131,NaN,NaN
NWT,sdl,2017,8/18/17,47,A,WM,284,NaN,NaN
NWT,sdl,2017,8/18/17,47,B,WM,266,NaN,NaN
NWT,sdl,2017,8/21/17,57,A,WM,216,NaN,NaN
NWT,sdl,2017,8/21/17,57,B,WM,208,NaN,NaN
NWT,sdl,2017,8/21/17,68,A,WM,150,NaN,NaN
NWT,sdl,2017,8/21/17,68,B,WM,130,NaN,NaN
NWT,sdl,2017,8/22/17,6,A,SB,196,NaN,NaN
NWT,sdl,2017,8/22/17,6,B,SB,180,NaN,NaN
NWT,sdl,2017,8/22/17,12,A,SB,85,NaN,NaN
NWT,sdl,2017,8/22/17,12,B,SB,127,NaN,NaN
NWT,sdl,2017,8/22/17,14,A,SB,87,NaN,NaN
NWT,sdl,2017,8/22/17,14,B,SB,57,NaN,NaN
NWT,sdl,2017,8/23/17,37,A,ST,427,NaN,NaN
NWT,sdl,2017,8/24/17,25,A,MM,109,NaN,NaN
NWT,sdl,2017,8/24/17,25,B,MM,124,NaN,NaN
NWT,sdl,2017,8/24/17,26,A,MM,267,NaN,NaN
NWT,sdl,2017,8/24/17,26,B,MM,257,NaN,NaN
NWT,sdl,2017,8/24/17,34,A,SB,100,NaN,NaN
NWT,sdl,2017,8/24/17,34,B,SB,81,NaN,NaN
NWT,sdl,2017,8/24/17,35,A,SB,50,NaN,NaN
NWT,sdl,2017,8/24/17,35,B,SB,49,NaN,NaN
NWT,sdl,2017,8/24/17,36,A,MM,134,NaN,NaN
NWT,sdl,2017,8/24/17,36,B,MM,134,NaN,NaN
NWT,sdl,2017,8/24/17,37,B,ST,262,NaN,NaN
NWT,sdl,2017,8/24/17,48,A,DM,154,NaN,NaN
NWT,sdl,2017,8/24/17,48,B,DM,167,NaN,NaN
NWT,sdl,2017,8/24/17,74,A,MM,86,NaN,NaN
NWT,sdl,2017,8/24/17,74,B,MM,101,NaN,NaN
NWT,sdl,2017,8/24/17,401,A,DM,102,NaN,NaN
NWT,sdl,2017,8/24/17,401,B,DM,100,NaN,NaN
NWT,sdl,2017,8/30/17,23,A,SB,143,NaN,NaN
NWT,sdl,2017,8/30/17,23,B,SB,93,NaN,NaN
NWT,sdl,2017,8/30/17,33,A,SB,107,NaN,NaN
NWT,sdl,2017,8/30/17,33,B,SB,90,NaN,NaN
NWT,sdl,2017,8/30/17,39,A,DM,88,NaN,NaN
NWT,sdl,2017,8/30/17,39,B,DM,131,NaN,NaN
NWT,sdl,2017,8/30/17,58,A,FF,212,NaN,NaN
NWT,sdl,2017,8/30/17,58,B,FF,151,NaN,NaN
NWT,sdl,2017,8/30/17,59,A,DM,105,NaN,NaN
NWT,sdl,2017,8/30/17,59,B,DM,145,NaN,NaN
NWT,sdl,2017,8/30/17,60,A,MM,263,NaN,NaN
NWT,sdl,2017,8/30/17,60,B,MM,181,NaN,NaN
NWT,sdl,2017,8/30/17,72,A,MM,191,NaN,NaN
NWT,sdl,2017,8/30/17,72,B,MM,250,NaN,NaN
NWT,sdl,2017,8/30/17,80,A,MM,172,NaN,NaN
NWT,sdl,2017,8/30/17,80,B,MM,127,NaN,NaN
NWT,sdl,2017,8/30/17,101,A,FF,118,NaN,NaN
NWT,sdl,2017,8/30/17,101,B,FF,161,NaN,NaN
NWT,sdl,2017,8/30/17,201,A,FF,101,NaN,NaN
NWT,sdl,2017,8/30/17,201,B,FF,112,NaN,NaN
NWT,sdl,2017,9/6/17,70,A,DM,118,NaN,NaN
NWT,sdl,2017,9/6/17,70,B,DM,62,NaN,NaN
NWT,sdl,2018,6/18/18,29,A,FF,197.7,NaN,NaN
NWT,sdl,2018,6/25/18,10,A,FF,165.5,NaN,NaN
NWT,sdl,2018,6/25/18,10,B,FF,219.4,NaN,NaN
NWT,sdl,2018,6/25/18,19,A,FF,212.6,NaN,NaN
NWT,sdl,2018,6/25/18,19,B,FF,192.7,NaN,NaN
NWT,sdl,2018,6/25/18,20,A,FF,207,NaN,NaN
NWT,sdl,2018,6/25/18,20,B,FF,117,NaN,NaN
NWT,sdl,2018,6/25/18,29,B,FF,176.6,NaN,NaN
NWT,sdl,2018,6/25/18,39,A,DM,256,NaN,NaN
NWT,sdl,2018,6/25/18,39,B,DM,140.3,NaN,NaN
NWT,sdl,2018,6/25/18,101,A,FF,261.6,NaN,NaN
NWT,sdl,2018,6/25/18,101,B,FF,63.4,NaN,NaN
NWT,sdl,2018,6/25/18,201,A,FF,199.4,NaN,NaN
NWT,sdl,2018,6/25/18,201,B,FF,216.3,NaN,NaN
NWT,sdl,2018,6/27/18,9,A,DM,178.4,NaN,NaN
NWT,sdl,2018,6/27/18,9,B,DM,142.9,NaN,NaN
NWT,sdl,2018,6/27/18,40,A,DM,165,NaN,NaN
NWT,sdl,2018,6/27/18,40,B,DM,238.9,NaN,NaN
NWT,sdl,2018,6/27/18,58,A,FF,158,NaN,NaN
NWT,sdl,2018,6/27/18,58,B,FF,152,NaN,NaN
NWT,sdl,2018,6/27/18,401,A,DM,147.4,NaN,NaN
NWT,sdl,2018,6/27/18,401,B,DM,162.7,NaN,NaN
NWT,sdl,2018,6/27/18,501,A,DM,168.6,NaN,NaN
NWT,sdl,2018,6/27/18,501,B,DM,123.8,NaN,NaN
NWT,sdl,2018,7/2/18,30,A,DM,88.6,NaN,NaN
NWT,sdl,2018,7/2/18,30,B,DM,136.4,NaN,NaN
NWT,sdl,2018,7/2/18,48,A,DM,86.3,NaN,NaN
NWT,sdl,2018,7/2/18,50,A,DM,69.6,NaN,NaN
NWT,sdl,2018,7/2/18,50,B,DM,108.6,NaN,NaN
NWT,sdl,2018,7/2/18,59,A,DM,158.4,NaN,NaN
NWT,sdl,2018,7/2/18,59,B,DM,201.8,NaN,NaN
NWT,sdl,2018,7/5/18,70,B,DM,44.2,NaN,NaN
NWT,sdl,2018,7/6/18,48,B,DM,133.8,NaN,NaN
NWT,sdl,2018,7/6/18,69,A,DM,138.7,NaN,NaN
NWT,sdl,2018,7/6/18,69,B,DM,145.9,NaN,NaN
NWT,sdl,2018,7/6/18,70,A,DM,111.6,NaN,NaN
NWT,sdl,2018,7/6/18,78,A,DM,190,NaN,NaN
NWT,sdl,2018,7/6/18,78,B,DM,226.5,NaN,NaN
NWT,sdl,2018,7/9/18,18,A,DM,202.4,NaN,NaN
NWT,sdl,2018,7/9/18,18,B,DM,162.6,NaN,NaN
NWT,sdl,2018,7/9/18,601,A,DM,219.1,NaN,NaN
NWT,sdl,2018,7/9/18,601,B,DM,154.6,NaN,NaN
NWT,sdl,2018,7/9/18,701,A,DM,232.9,NaN,NaN
NWT,sdl,2018,7/9/18,701,B,DM,247.1,NaN,NaN
NWT,sdl,2018,7/9/18,801,A,DM,130.8,NaN,NaN
NWT,sdl,2018,7/9/18,801,B,DM,83.8,NaN,NaN
NWT,sdl,2018,7/11/18,8,A,MM,302.8,NaN,NaN
NWT,sdl,2018,7/11/18,8,B,MM,208.4,NaN,NaN
NWT,sdl,2018,7/11/18,17,A,MM,184.8,NaN,NaN
NWT,sdl,2018,7/11/18,17,B,MM,209.7,NaN,NaN
NWT,sdl,2018,7/11/18,25,A,MM,192.6,NaN,NaN
NWT,sdl,2018,7/11/18,25,B,MM,164.2,NaN,NaN
NWT,sdl,2018,7/11/18,26,A,MM,214.3,NaN,NaN
NWT,sdl,2018,7/11/18,26,B,MM,202,NaN,NaN
NWT,sdl,2018,7/11/18,27,A,MM,168.4,NaN,NaN
NWT,sdl,2018,7/11/18,27,B,MM,205.1,NaN,NaN
NWT,sdl,2018,7/11/18,36,A,MM,163.5,NaN,NaN
NWT,sdl,2018,7/11/18,36,B,MM,178.9,NaN,NaN
NWT,sdl,2018,7/11/18,49,A,MM,108,NaN,NaN
NWT,sdl,2018,7/11/18,49,B,MM,100.2,NaN,NaN
NWT,sdl,2018,7/11/18,60,A,MM,307.8,NaN,NaN
NWT,sdl,2018,7/11/18,60,B,MM,99.4,NaN,NaN
NWT,sdl,2018,7/17/18,64,A,MM,224.8,NaN,NaN
NWT,sdl,2018,7/17/18,64,B,MM,280.5,NaN,NaN
NWT,sdl,2018,7/17/18,67,A,MM,463,NaN,NaN
NWT,sdl,2018,7/17/18,72,A,MM,239.2,NaN,NaN
NWT,sdl,2018,7/17/18,72,B,MM,217.7,NaN,NaN
NWT,sdl,2018,7/17/18,73,A,MM,252.5,NaN,NaN
NWT,sdl,2018,7/17/18,73,B,MM,213.3,NaN,NaN
NWT,sdl,2018,7/17/18,74,A,MM,185.1,NaN,NaN
NWT,sdl,2018,7/17/18,74,B,MM,201,NaN,NaN
NWT,sdl,2018,7/17/18,75,A,MM,116.4,NaN,NaN
NWT,sdl,2018,7/17/18,75,B,MM,98.2,NaN,NaN
NWT,sdl,2018,7/18/18,28,A,SF,147.9,NaN,NaN
NWT,sdl,2018,7/18/18,28,B,SF,205,NaN,NaN
NWT,sdl,2018,7/18/18,46,A,MM,238.7,NaN,NaN
NWT,sdl,2018,7/18/18,46,B,MM,203.5,NaN,NaN
NWT,sdl,2018,7/18/18,51,A,FF,76.9,NaN,NaN
NWT,sdl,2018,7/18/18,51,B,FF,73.2,NaN,NaN
NWT,sdl,2018,7/18/18,52,A,MM,471.8,NaN,NaN
NWT,sdl,2018,7/18/18,52,B,MM,445.7,NaN,NaN
NWT,sdl,2018,7/18/18,61,A,MM,394.4,NaN,NaN
NWT,sdl,2018,7/18/18,61,B,MM,385.1,NaN,NaN
NWT,sdl,2018,7/18/18,67,B,MM,468.5,NaN,NaN
NWT,sdl,2018,7/18/18,79,A,MM,187,NaN,NaN
NWT,sdl,2018,7/18/18,79,B,MM,157.6,NaN,NaN
NWT,sdl,2018,7/18/18,80,A,MM,124,NaN,NaN
NWT,sdl,2018,7/18/18,80,B,MM,91.2,NaN,NaN
NWT,sdl,2018,7/23/18,2,A,MM,263.2,NaN,NaN
NWT,sdl,2018,7/23/18,2,B,MM,287.1,NaN,NaN
NWT,sdl,2018,7/23/18,3,A,MM,434.9,NaN,NaN
NWT,sdl,2018,7/23/18,3,B,MM,374.3,NaN,NaN
NWT,sdl,2018,7/23/18,4,A,MM,185.1,NaN,NaN
NWT,sdl,2018,7/23/18,4,B,MM,239.7,NaN,NaN
NWT,sdl,2018,7/23/18,22,A,MM,245.7,NaN,NaN
NWT,sdl,2018,7/23/18,22,B,MM,162.5,NaN,NaN
NWT,sdl,2018,7/23/18,43,A,MM,137,NaN,NaN
NWT,sdl,2018,7/23/18,43,B,MM,120.3,NaN,NaN
NWT,sdl,2018,7/23/18,44,A,MM,180,NaN,NaN
NWT,sdl,2018,7/23/18,44,B,MM,230,NaN,NaN
NWT,sdl,2018,7/23/18,53,A,MM,227.2,NaN,NaN
NWT,sdl,2018,7/23/18,53,B,MM,171.5,NaN,NaN
NWT,sdl,2018,7/25/18,24,A,SB,145,NaN,NaN
NWT,sdl,2018,7/25/18,24,B,SB,156.1,NaN,NaN
NWT,sdl,2018,7/25/18,34,A,SB,82.4,NaN,NaN
NWT,sdl,2018,7/25/18,35,A,SB,73.1,NaN,NaN
NWT,sdl,2018,7/25/18,35,B,SB,80.6,NaN,NaN
NWT,sdl,2018,7/25/18,38,A,SF,323,NaN,NaN
NWT,sdl,2018,7/25/18,38,B,SF,247.5,NaN,NaN
NWT,sdl,2018,7/25/18,45,A,SB,61,NaN,NaN
NWT,sdl,2018,7/25/18,45,B,SB,66.3,NaN,NaN
NWT,sdl,2018,7/25/18,54,A,SB,87.1,NaN,NaN
NWT,sdl,2018,7/25/18,54,B,SB,77.5,NaN,NaN
NWT,sdl,2018,7/25/18,55,A,SB,67,NaN,NaN
NWT,sdl,2018,7/26/18,65,A,SB,56.3,NaN,NaN
NWT,sdl,2018,7/30/18,5,A,SB,148.7,NaN,NaN
NWT,sdl,2018,7/30/18,5,B,SB,208.3,NaN,NaN
NWT,sdl,2018,7/30/18,6,A,SB,194,NaN,NaN
NWT,sdl,2018,7/30/18,6,B,SB,120.5,NaN,NaN
NWT,sdl,2018,7/30/18,7,A,WM,359.1,NaN,NaN
NWT,sdl,2018,7/30/18,11,A,SB,62.9,NaN,NaN
NWT,sdl,2018,7/30/18,11,B,SB,204,NaN,NaN
NWT,sdl,2018,7/30/18,12,A,SB,133.5,NaN,NaN
NWT,sdl,2018,7/30/18,12,B,SB,142.8,NaN,NaN
NWT,sdl,2018,7/30/18,14,A,SB,113.3,NaN,NaN
NWT,sdl,2018,7/30/18,14,B,SB,158,NaN,NaN
NWT,sdl,2018,7/30/18,15,A,SB,119.2,NaN,NaN
NWT,sdl,2018,7/30/18,15,B,SB,156.9,NaN,NaN
NWT,sdl,2018,7/30/18,16,A,SB,206.3,NaN,NaN
NWT,sdl,2018,7/30/18,16,B,SB,151.6,NaN,NaN
NWT,sdl,2018,7/30/18,21,A,SB,133.3,NaN,NaN
NWT,sdl,2018,7/30/18,21,B,SB,90.1,NaN,NaN
NWT,sdl,2018,7/30/18,23,A,SB,62.5,NaN,NaN
NWT,sdl,2018,7/30/18,23,B,SB,77,NaN,NaN
NWT,sdl,2018,7/30/18,32,A,SB,80.3,NaN,NaN
NWT,sdl,2018,7/30/18,32,B,SB,95.6,NaN,NaN
NWT,sdl,2018,7/30/18,33,A,SB,67.7,NaN,NaN
NWT,sdl,2018,7/30/18,33,B,SB,151.9,NaN,NaN
NWT,sdl,2018,7/30/18,34,B,SB,60.1,NaN,NaN
NWT,sdl,2018,7/30/18,37,A,ST,361.8,NaN,NaN
NWT,sdl,2018,7/30/18,37,B,ST,278.6,NaN,NaN
NWT,sdl,2018,7/30/18,56,B,SB,118.7,NaN,NaN
NWT,sdl,2018,7/30/18,66,A,SB,56,NaN,NaN
NWT,sdl,2018,7/30/18,66,B,SB,53.5,NaN,NaN
NWT,sdl,2018,7/31/18,7,B,WM,319.1,NaN,NaN
NWT,sdl,2018,7/31/18,31,A,SB,262.9,NaN,NaN
NWT,sdl,2018,7/31/18,31,B,SB,139.6,NaN,NaN
NWT,sdl,2018,7/31/18,47,A,WM,145.8,NaN,NaN
NWT,sdl,2018,7/31/18,47,B,WM,316.1,NaN,NaN
NWT,sdl,2018,7/31/18,56,A,SB,68.2,NaN,NaN
NWT,sdl,2018,7/31/18,57,A,WM,259.4,NaN,NaN
NWT,sdl,2018,7/31/18,57,B,WM,262.3,NaN,NaN
NWT,sdl,2018,7/31/18,62,A,SB,168.6,NaN,NaN
NWT,sdl,2018,7/31/18,68,A,WM,197.6,NaN,NaN
NWT,sdl,2018,7/31/18,68,B,WM,199.6,NaN,NaN
NWT,sdl,2018,7/31/18,76,A,SB,174.1,NaN,NaN
NWT,sdl,2018,7/31/18,76,B,SB,47.7,NaN,NaN
NWT,sdl,2018,7/31/18,77,A,WM,205.6,NaN,NaN
NWT,sdl,2018,7/31/18,77,B,WM,106.9,NaN,NaN
NWT,sdl,2018,8/2/18,62,B,SB,103,NaN,NaN
NWT,sdl,2018,8/20/18,55,B,SB,50,NaN,NaN
NWT,sdl,2018,8/20/18,65,B,SB,31.5,NaN,NaN
NWT,sdl,2019,7/17/19,10,A,FF,155.7,NaN,NaN
NWT,sdl,2019,7/17/19,18,A,DM,146,NaN,NaN
NWT,sdl,2019,7/17/19,19,A,FF,149.1,NaN,NaN
NWT,sdl,2019,7/17/19,20,A,FF,125.6,NaN,NaN
NWT,sdl,2019,7/17/19,30,A,DM,135.4,NaN,"clipping continued 2019-07-18, finished 2019-07-24"
NWT,sdl,2019,7/18/19,9,A,DM,160.8,NaN,clipping finished 2019-07-24
NWT,sdl,2019,7/18/19,29,A,FF,129.5,NaN,NaN
NWT,sdl,2019,7/18/19,39,A,DM,95.9,NaN,NaN
NWT,sdl,2019,7/18/19,40,A,DM,187.6,NaN,clipping finished 2019-07-24
NWT,sdl,2019,7/18/19,48,A,DM,100.1,NaN,NaN
NWT,sdl,2019,7/18/19,50,A,DM,158.8,NaN,"clipping continued 2019-07-22, 2019-07-23, finished 2019-07-24"
NWT,sdl,2019,7/18/19,58,A,FF,92.2,NaN,clipping finished 2019-07-24
NWT,sdl,2019,7/18/19,59,A,DM,80.4,NaN,NaN
NWT,sdl,2019,7/18/19,101,A,FF,44.5,NaN,NaN
NWT,sdl,2019,7/18/19,201,A,FF,72.9,NaN,NaN
NWT,sdl,2019,7/18/19,501,A,DM,147.8,NaN,NaN
NWT,sdl,2019,7/18/19,601,A,DM,210.1,NaN,clipping finished 2019-07-24
NWT,sdl,2019,7/24/19,69,A,DM,158.6,NaN,NaN
NWT,sdl,2019,7/24/19,70,A,DM,126.3,NaN,NaN
NWT,sdl,2019,7/24/19,78,A,DM,151.7,NaN,NaN
NWT,sdl,2019,7/24/19,401,A,DM,100.1,NaN,NaN
NWT,sdl,2019,7/24/19,701,A,DM,179.3,NaN,NaN
NWT,sdl,2019,7/24/19,801,A,DM,121.3,NaN,NaN
NWT,sdl,2019,7/26/19,26,A,MM,294.9,NaN,NaN
NWT,sdl,2019,7/26/19,27,A,MM,182,NaN,NaN
NWT,sdl,2019,7/26/19,28,A,SF,205.9,NaN,NaN
NWT,sdl,2019,7/26/19,38,A,SF,231.6,NaN,NaN
NWT,sdl,2019,7/26/19,49,A,MM,222.1,NaN,NaN
NWT,sdl,2019,7/26/19,79,A,MM,133.3,NaN,NaN
NWT,sdl,2019,7/26/19,80,A,MM,175.6,NaN,NaN
NWT,sdl,2019,7/29/19,2,A,MM,267.9,NaN,clipping finished 2019-07-30
NWT,sdl,2019,7/29/19,3,A,MM,362.5,NaN,NaN
NWT,sdl,2019,7/29/19,4,A,MM,130,NaN,NaN
NWT,sdl,2019,7/29/19,5,A,SB,149.1,NaN,NaN
NWT,sdl,2019,7/29/19,7,A,WM,221.5,NaN,salix clipping performed 2019-09-11
NWT,sdl,2019,7/29/19,8,A,MM,316.9,NaN,NaN
NWT,sdl,2019,7/29/19,14,A,SB,98.6,NaN,NaN
NWT,sdl,2019,7/29/19,17,A,MM,173.1,NaN,NaN
NWT,sdl,2019,7/29/19,36,A,MM,124.7,NaN,NaN
NWT,sdl,2019,7/29/19,47,A,WM,175.9,NaN,NaN
NWT,sdl,2019,7/30/19,43,A,MM,180.4,NaN,NaN
NWT,sdl,2019,7/30/19,44,A,MM,131.4,NaN,NaN
NWT,sdl,2019,7/30/19,46,A,MM,218.9,NaN,clipping finished 2019-08-09
NWT,sdl,2019,7/30/19,60,A,MM,226,NaN,NaN
NWT,sdl,2019,8/1/19,51,A,FF,155.1,NaN,NaN
NWT,sdl,2019,8/1/19,52,A,MM,496.2,NaN,NaN
NWT,sdl,2019,8/1/19,53,A,MM,97.2,NaN,NaN
NWT,sdl,2019,8/2/19,61,A,MM,254.2,NaN,NaN
NWT,sdl,2019,8/2/19,62,A,SB,130.9,NaN,NaN
NWT,sdl,2019,8/2/19,64,A,MM,187.5,NaN,NaN
NWT,sdl,2019,8/2/19,72,A,MM,214.4,NaN,NaN
NWT,sdl,2019,8/9/19,45,A,SB,48.1,NaN,NaN
NWT,sdl,2019,8/9/19,67,A,MM,434.4,NaN,NaN
NWT,sdl,2019,8/9/19,68,A,WM,200.5,NaN,NaN
NWT,sdl,2019,8/9/19,73,A,MM,241.4,NaN,NaN
NWT,sdl,2019,8/9/19,74,A,MM,147.5,NaN,NaN
NWT,sdl,2019,8/9/19,75,A,MM,111.4,NaN,NaN
NWT,sdl,2019,8/9/19,77,A,WM,148.6,NaN,NaN
NWT,sdl,2019,8/22/19,31,A,SB,220.3,NaN,NaN
NWT,sdl,2019,8/22/19,32,A,SB,60.3,NaN,NaN
NWT,sdl,2019,8/22/19,33,A,SB,106,NaN,NaN
NWT,sdl,2019,8/22/19,34,A,SB,89.6,NaN,NaN
NWT,sdl,2019,8/22/19,35,A,SB,83.7,NaN,NaN
NWT,sdl,2019,8/23/19,23,A,SB,144.5,NaN,NaN
NWT,sdl,2019,9/9/19,11,A,SB,65,NaN,NaN
NWT,sdl,2019,9/9/19,12,A,SB,101.7,NaN,NaN
NWT,sdl,2019,9/9/19,21,A,SB,65.9,NaN,NaN
NWT,sdl,2019,9/9/19,22,A,MM,133.9,NaN,NaN
NWT,sdl,2019,9/9/19,24,A,SB,123,NaN,NaN
NWT,sdl,2019,9/9/19,56,A,SB,80.9,NaN,NaN
NWT,sdl,2019,9/9/19,57,A,WM,213.4,NaN,clipping finished 2019-09-10
NWT,sdl,2019,9/9/19,66,A,SB,61.6,NaN,NaN
NWT,sdl,2019,9/9/19,76,A,SB,116.5,NaN,NaN
NWT,sdl,2019,9/10/19,6,A,SB,125.3,NaN,NaN
NWT,sdl,2019,9/10/19,15,A,SB,72.4,NaN,NaN
NWT,sdl,2019,9/10/19,16,A,SB,116.6,NaN,NaN
NWT,sdl,2019,9/10/19,25,A,MM,169.3,NaN,NaN
NWT,sdl,2019,9/10/19,54,A,SB,113.2,NaN,NaN
NWT,sdl,2019,9/10/19,55,A,SB,74.6,NaN,NaN
NWT,sdl,2019,9/10/19,65,A,SB,41.7,NaN,NaN
NWT,sdl,2019,9/11/19,37,A,ST,286.7,NaN,clipping did not include new stem growth in clipping
NWT,sdl,2020,7/8/20,10,A,FF,45.8,93.3,NaN
NWT,sdl,2020,7/8/20,19,A,FF,98.5,42.7,NaN
NWT,sdl,2020,7/8/20,20,A,FF,104.8,46.3,NaN
NWT,sdl,2020,7/8/20,29,A,FF,58.2,60.5,NaN
NWT,sdl,2020,7/8/20,58,A,FF,44.4,87.8,NaN
NWT,sdl,2020,7/8/20,101,A,FF,46.7,22.4,NaN
NWT,sdl,2020,7/8/20,201,A,FF,75,74.9,NaN
NWT,sdl,2020,7/10/20,9,A,DM,157.4,NaN,NaN
NWT,sdl,2020,7/10/20,18,A,DM,118.3,NaN,NaN
NWT,sdl,2020,7/10/20,30,A,DM,55.5,NaN,NaN
NWT,sdl,2020,7/10/20,39,A,DM,104.4,NaN,NaN
NWT,sdl,2020,7/10/20,40,A,DM,75.9,28,NaN
NWT,sdl,2020,7/10/20,48,A,DM,196.1,NaN,NaN
NWT,sdl,2020,7/10/20,50,A,DM,76.3,NaN,NaN
NWT,sdl,2020,7/10/20,401,A,DM,62.2,54.1,NaN
NWT,sdl,2020,7/13/20,59,A,DM,63.2,NaN,NaN
NWT,sdl,2020,7/13/20,69,A,DM,102.8,16.2,NaN
NWT,sdl,2020,7/13/20,70,A,DM,59.9,NaN,NaN
NWT,sdl,2020,7/13/20,501,A,DM,116.4,33.8,NaN
NWT,sdl,2020,7/13/20,701,A,DM,103,26.8,NaN
NWT,sdl,2020,7/15/20,8,A,MM,132.2,NaN,NaN
NWT,sdl,2020,7/15/20,17,A,MM,118.1,NaN,NaN
NWT,sdl,2020,7/15/20,25,A,MM,112.4,NaN,NaN
NWT,sdl,2020,7/15/20,26,A,MM,210.6,NaN,NaN
NWT,sdl,2020,7/15/20,27,A,MM,118.8,NaN,NaN
NWT,sdl,2020,7/15/20,36,A,MM,109.2,NaN,NaN
NWT,sdl,2020,7/15/20,51,A,FF,106.9,90.5,NaN
NWT,sdl,2020,7/15/20,78,A,DM,181.9,NaN,NaN
NWT,sdl,2020,7/15/20,601,A,DM,135.3,NaN,NaN
NWT,sdl,2020,7/15/20,801,A,DM,190,NaN,NaN
NWT,sdl,2020,7/20/20,7,A,WM,215.1,NaN,NaN
NWT,sdl,2020,7/20/20,49,A,MM,134.8,NaN,NaN
NWT,sdl,2020,7/20/20,52,A,MM,469.4,NaN,NaN
NWT,sdl,2020,7/20/20,53,A,MM,200.3,NaN,NaN
NWT,sdl,2020,7/20/20,60,A,MM,213.4,NaN,NaN
NWT,sdl,2020,7/20/20,61,A,MM,292.3,NaN,NaN
NWT,sdl,2020,7/20/20,64,A,MM,177,NaN,NaN
NWT,sdl,2020,7/20/20,67,A,MM,471.7,NaN,NaN
NWT,sdl,2020,7/20/20,72,A,MM,147.5,NaN,NaN
NWT,sdl,2020,7/20/20,73,A,MM,203.4,NaN,NaN
NWT,sdl,2020,7/20/20,79,A,MM,99.9,NaN,NaN
NWT,sdl,2020,7/20/20,80,A,MM,48.4,NaN,NaN
NWT,sdl,2020,7/22/20,2,A,MM,354.2,NaN,NaN
NWT,sdl,2020,7/22/20,3,A,MM,405.1,NaN,NaN
NWT,sdl,2020,7/22/20,4,A,MM,237.2,NaN,NaN
NWT,sdl,2020,7/22/20,5,A,SB,142.8,NaN,NaN
NWT,sdl,2020,7/22/20,6,A,SB,102.2,NaN,NaN
NWT,sdl,2020,7/22/20,12,A,SB,97.3,NaN,NaN
NWT,sdl,2020,7/22/20,14,A,SB,198.2,NaN,NaN
NWT,sdl,2020,7/22/20,22,A,MM,156.3,NaN,NaN
NWT,sdl,2020,7/22/20,38,A,SF,231.4,NaN,NaN
NWT,sdl,2020,7/22/20,44,A,MM,188.8,NaN,NaN
NWT,sdl,2020,7/23/20,35,A,SB,61.4,NaN,NaN
NWT,sdl,2020,7/27/20,15,A,SB,108.1,NaN,NaN
NWT,sdl,2020,7/27/20,16,A,SB,163.7,NaN,NaN
NWT,sdl,2020,7/27/20,28,A,SF,131.2,NaN,NaN
NWT,sdl,2020,7/27/20,37,A,ST,304,NaN,NaN
NWT,sdl,2020,7/27/20,46,A,MM,195.4,NaN,NaN
NWT,sdl,2020,7/27/20,47,A,WM,212.3,NaN,NaN
NWT,sdl,2020,7/29/20,11,A,SB,61.5,NaN,NaN
NWT,sdl,2020,7/29/20,21,A,SB,102.1,NaN,NaN
NWT,sdl,2020,7/29/20,23,A,SB,79,NaN,NaN
NWT,sdl,2020,7/29/20,24,A,SB,137.6,NaN,NaN
NWT,sdl,2020,7/29/20,31,A,SB,203.1,NaN,NaN
NWT,sdl,2020,7/29/20,32,A,SB,118.4,NaN,NaN
NWT,sdl,2020,7/29/20,33,A,SB,159.2,NaN,NaN
NWT,sdl,2020,7/29/20,34,A,SB,85.2,NaN,NaN
NWT,sdl,2020,7/29/20,43,A,MM,116.2,NaN,NaN
NWT,sdl,2020,7/29/20,68,A,WM,143.9,NaN,NaN
NWT,sdl,2020,8/3/20,45,A,SB,94.4,NaN,NaN
NWT,sdl,2020,8/3/20,54,A,SB,124.4,NaN,NaN
NWT,sdl,2020,8/3/20,62,A,SB,70.2,NaN,NaN
NWT,sdl,2020,8/3/20,65,A,SB,45.3,NaN,NaN
NWT,sdl,2020,8/3/20,74,A,MM,111.8,NaN,NaN
NWT,sdl,2020,8/3/20,75,A,MM,97.6,NaN,NaN
NWT,sdl,2020,8/3/20,76,A,SB,193.8,NaN,NaN
NWT,sdl,2020,8/3/20,77,A,WM,208.4,NaN,NaN
NWT,sdl,2020,8/19/20,55,A,SB,79.6,NaN,NaN
NWT,sdl,2020,8/19/20,56,A,SB,63,NaN,harvests from plots 56 and 57 may have been swapped
NWT,sdl,2020,8/19/20,57,A,WM,231,NaN,harvests from plots 56 and 57 may have been swapped
NWT,sdl,2020,8/19/20,66,A,SB,50.4,NaN,NaN